store_id,raw_address,state,zip_code,query,matched_address,latitude,longitude,geocode_status
8867,7915 FLORENCE AVENUE DOWNEY,California,90240,"7915 FLORENCE AVENUE DOWNEY, CALIFORNIA 90240","7915 FLORENCE AVE, DOWNEY, CA, 90240",33.954324747984,-118.131381815961,ok
3033,110 E STETSON AVE HEMET,California,92543,"110 E STETSON AVE HEMET, CALIFORNIA 92543","110 E STETSON AVE, HEMET, CA, 92543",33.729465660638,-116.971365895963,ok
9121,4404 EL CAJON BLVD SAN DIEGO,California,92115,"4404 EL CAJON BLVD SAN DIEGO, CALIFORNIA 92115","4404 EL CAJON BLVD, SAN DIEGO, CA, 92115",32.755129527031,-117.099825735491,ok
10931,1745 S. IMPERIAL AVE. EL CENTRO,California,92243,"1745 S. IMPERIAL AVE. EL CENTRO, CALIFORNIA 92243","1745 S IMPERIAL AVE, EL CENTRO, CA, 92243",32.777858077106,-115.569511236783,ok
8859,16 3RD AVENUE EXT. CHULA VISTA,California,91910,"16 3RD AVENUE EXT. CHULA VISTA, CALIFORNIA 91910","16 3RD AVE, CHULA VISTA, CA, 91910",32.650012119419,-117.085013475782,ok
9115,645 SATURN BLVD SAN DIEGO,California,92154,"645 SATURN BLVD SAN DIEGO, CALIFORNIA 92154","645 SATURN BLVD, SAN DIEGO, CA, 92154",32.584656732303,-117.09260103808,ok
9138,1201 E. PLAZA BLVD NATIONAL CITY,California,91950,"1201 E. PLAZA BLVD NATIONAL CITY, CALIFORNIA 91950","1201 E PLAZA BLVD, NATIONAL CITY, CA, 91950",32.677269635888,-117.09403203434,ok
9193,1380 43RD ST. SAN DIEGO,California,92113,"1380 43RD ST. SAN DIEGO, CALIFORNIA 92113","1380 S 43RD ST, SAN DIEGO, CA, 92113",32.692131027842,-117.102470380731,ok
9524,3350 PALM AVE. SAN DIEGO,California,92154,"3350 PALM AVE. SAN DIEGO, CALIFORNIA 92154","3350 PALM AVE, SAN DIEGO, CA, 92154",32.583808748423,-117.061194309186,ok
9783,1730 SWEETWATER RD NATIONAL CITY,California,91950,"1730 SWEETWATER RD NATIONAL CITY, CALIFORNIA 91950","1730 SWEETWATER RD, NATIONAL CITY, CA, 91950",32.661536588375,-117.081246454111,ok
7127,1302 WEST MISSION RD. SAN MARCOS,California,92069,"1302 WEST MISSION RD. SAN MARCOS, CALIFORNIA 92069","1302 W MISSION RD, SAN MARCOS, CA, 92069",33.148453775082,-117.18897558058,ok
8857,1441 N SANTA FE VISTA,California,92084,"1441 N SANTA FE VISTA, CALIFORNIA 92084","1441 N SANTA FE AVE, VISTA, CA, 92084",33.220052250095,-117.244804312592,ok
9104,2427 E. VALLEY PKWY ESCONDIDO,California,92027,"2427 E. VALLEY PKWY ESCONDIDO, CALIFORNIA 92027","2427 E VALLEY PKWY, ESCONDIDO, CA, 92027",33.141769370175,-117.042427582015,ok
9108,1655 S. CENTRE CITY PKWY. ESCONDIDO,California,92025,"1655 S. CENTRE CITY PKWY. ESCONDIDO, CALIFORNIA 92025","1655 S CENTRE CITY PKWY, ESCONDIDO, CA, 92025",33.104047880193,-117.076159804551,ok
9574,883 S. SANTA FE AVENUE VISTA,California,92083,"883 S. SANTA FE AVENUE VISTA, CALIFORNIA 92083","883 S SANTA FE AVE, VISTA, CA, 92083",33.193971852724,-117.234681177293,ok
9619,9840 SIERRA AVE. FONTANA,California,92335,"9840 SIERRA AVE. FONTANA, CALIFORNIA 92335","9840 SIERRA AVE, FONTANA, CA, 92335",34.075060645318,-117.435751621792,ok
9664,1564 W. BASE LINE ST. SAN BERNARDINO,California,92411,"1564 W. BASE LINE ST. SAN BERNARDINO, CALIFORNIA 92411","1564 W BASE LINE ST, SAN BERNARDINO, CA, 92411",34.121410379703,-117.320548981144,ok
9794,5200 N UNIVERSITY PARKWAY SAN BERNARDINO,California,92407,"5200 N UNIVERSITY PARKWAY SAN BERNARDINO, CALIFORNIA 92407","5200 UNIVERSITY PKWY, SAN BERNARDINO, CA, 92407",34.176349180708,-117.331013376034,ok
8897,3361 MARKET ST. RIVERSIDE,California,92501,"3361 MARKET ST. RIVERSIDE, CALIFORNIA 92501","3361 MARKET ST, RIVERSIDE, CA, 92501",33.986840591437,-117.372882863011,ok
9728,1322 W. 6TH ST. CORONA,California,92882,"1322 W. 6TH ST. CORONA, CALIFORNIA 92882","1322 W 6TH ST, CORONA, CA, 92882",33.87782750802,-117.589438944628,ok
9745,4535 HOLT BLVD MONTCLAIR,California,91763,"4535 HOLT BLVD MONTCLAIR, CALIFORNIA 91763","4535 HOLT BLVD, MONTCLAIR, CA, 91763",34.06311326059,-117.706509735087,ok
9792,690 EAST FOOTHILL BLVD. UPLAND,California,91786,"690 EAST FOOTHILL BLVD. UPLAND, CALIFORNIA 91786","690 E FOOTHILL BLVD, UPLAND, CA, 91786",34.106985808117,-117.641683380453,ok
8849,1545 WEST 17TH STREET SANTA ANA,California,92706,"1545 WEST 17TH STREET SANTA ANA, CALIFORNIA 92706","1545 W 17TH ST, SANTA ANA, CA, 92706",33.760248363939,-117.889083873994,ok
9583,102 NORTH MAIN STREET SANTA ANA,California,92701,"102 NORTH MAIN STREET SANTA ANA, CALIFORNIA 92701","102 N MAIN ST, SANTA ANA, CA, 92701",33.745603854334,-117.867707818505,ok
9762,2011 EAST LA PALMA ANAHEIM,California,92806,"2011 EAST LA PALMA ANAHEIM, CALIFORNIA 92806","2011 E LA PALMA AVE, ANAHEIM, CA, 92806",33.847306442642,-117.88897913575,ok
5499,1954 DURFEE AVE. SOUTH EL MONTE,California,91733,"1954 DURFEE AVE. SOUTH EL MONTE, CALIFORNIA 91733","1954 DURFEE AVE, SOUTH EL MONTE, CA, 91733",34.045123129982,-118.030473799693,ok
5945,"915 E. ARROW HWY, AZUSA",California,91702,"915 E. ARROW HWY, AZUSA, CALIFORNIA 91702","915 E ARROW HWY, AZUSA, CA, 91702",34.106866413601,-117.890069282029,ok
9629,861 NORTH HACIENDA BOULEVARD LA PUENTE,California,91744,"861 NORTH HACIENDA BOULEVARD LA PUENTE, CALIFORNIA 91744","861 N HACIENDA BLVD, LA PUENTE, CA, 91744",34.03532184317,-117.950199868982,ok
9708,150 W. WILLOW ST. POMONA,California,91768,"150 W. WILLOW ST. POMONA, CALIFORNIA 91768","150 W WILLOW ST, POMONA, CA, 91768",34.079021098544,-117.753563945043,ok
9735,727 S GLENDORA AVE WEST COVINA,California,91790,"727 S GLENDORA AVE WEST COVINA, CALIFORNIA 91790","727 S GLENDORA AVE, WEST COVINA, CA, 91790",34.062589326511,-117.930624471078,ok
9738,11735 WHITTIER BOULEVARD WHITTIER,California,90601,"11735 WHITTIER BOULEVARD WHITTIER, CALIFORNIA 90601","11735 WHITTIER BLVD, WHITTIER, CA, 90601",33.9820447394,-118.052133055613,ok
9771,9256 SLAUSON AVENUE PICO RIVERA,California,90660,"9256 SLAUSON AVENUE PICO RIVERA, CALIFORNIA 90660","9256 SLAUSON AVE, PICO RIVERA, CA, 90660",33.969281461837,-118.099801934236,ok
9857,800 W. WHITTIER BLVD. MONTEBELLO,California,90640,"800 W. WHITTIER BLVD. MONTEBELLO, CALIFORNIA 90640","800 WHITTIER BLVD, MONTEBELLO, CA, 90640",34.010147058669,-118.108270242789,ok
5841,2330 SOUTH MAIN STREET SANTA ANA,California,92707,"2330 SOUTH MAIN STREET SANTA ANA, CALIFORNIA 92707","2330 S MAIN ST, SANTA ANA, CA, 92707",33.715654036687,-117.868021737989,ok
8855,228 NORTH HARBOR BOULEVARD SANTA ANA,California,92703,"228 NORTH HARBOR BOULEVARD SANTA ANA, CALIFORNIA 92703","228 N HARBOR BLVD, SANTA ANA, CA, 92703",33.74645100455,-117.920279797942,ok
8841,11623 ROSECRANS AVE. NORWALK,California,90650,"11623 ROSECRANS AVE. NORWALK, CALIFORNIA 90650","11623 ROSECRANS AVE, NORWALK, CA, 90650",33.902300012184,-118.086085769908,ok
8858,7101 ATLANTIC AVENUE BELL,California,90201,"7101 ATLANTIC AVENUE BELL, CALIFORNIA 90201","7101 ATLANTIC AVE, BELL, CA, 90201",33.970985233104,-118.188153574644,ok
8870,8859 ALONDRA BLVD. PARAMOUNT,California,90723,"8859 ALONDRA BLVD. PARAMOUNT, CALIFORNIA 90723","Alondra Boulevard, Clearwater, Paramount, Los Angeles County, California, 90723, United States",33.8892529,-118.1600868,ok
5834,11574 LOWER AZUSA RD EL MONTE,California,91732,"11574 LOWER AZUSA RD EL MONTE, CALIFORNIA 91732","11574 LOWER AZUSA RD, EL MONTE, CA, 91732",34.090972281164,-118.015396754177,ok
9639,11940 GARVEY AVENUE EL MONTE,California,91732,"11940 GARVEY AVENUE EL MONTE, CALIFORNIA 91732","11940 GARVEY AVE, EL MONTE, CA, 91732",34.062745005123,-118.02078380884,ok
9672,14503 RAMONA BLVD BALDWIN PARK,California,91706,"14503 RAMONA BLVD BALDWIN PARK, CALIFORNIA 91706","14503 RAMONA BLVD, BALDWIN PARK, CA, 91706",34.086973272863,-117.958999522055,ok
9673,1550 PUENTE AVENUE BALDWIN PARK,California,91706,"1550 PUENTE AVENUE BALDWIN PARK, CALIFORNIA 91706","1550 PUENTE AVE, BALDWIN PARK, CA, 91706",34.063776434703,-117.968636879612,ok
9757,2525 VIA CAMPO ST. MONTEBELLO,California,90640,"2525 VIA CAMPO ST. MONTEBELLO, CALIFORNIA 90640","2525 VIA CAMPO, MONTEBELLO, CA, 90640",34.032726705466,-118.123306294,ok
9848,20 E ORANGE GROVE BLVD. PASADENA,California,91103,"20 E ORANGE GROVE BLVD. PASADENA, CALIFORNIA 91103","20 E ORANGE GROVE BLVD, PASADENA, CA, 91103",34.157734988889,-118.150258084519,ok
6755,5030 LONG BEACH BLVD. LONG BEACH,California,90805,"5030 LONG BEACH BLVD. LONG BEACH, CALIFORNIA 90805","5030 N LONG BEACH BLVD, LONG BEACH, CA, 90805",33.847134829882,-118.193905324815,ok
9557,1250 E.PACIFIC COAST HIGHWAY LONG BEACH,California,90806,"1250 E.PACIFIC COAST HIGHWAY LONG BEACH, CALIFORNIA 90806","1250 E PACIFIC COAST HWY, LONG BEACH, CA, 90806",33.789798873625,-118.175743122583,ok
9589,12221 CARSON STREET HAWAIIAN GARDENS,California,90716,"12221 CARSON STREET HAWAIIAN GARDENS, CALIFORNIA 90716","12221 CARSON ST, HAWAIIAN GARDENS, CA, 90716",33.831610454559,-118.071488966431,ok
9590,6000 ATLANTIC AVENUE LONG BEACH,California,90805,"6000 ATLANTIC AVENUE LONG BEACH, CALIFORNIA 90805","6000 ATLANTIC AVE, LONG BEACH, CA, 90805",33.863750045953,-118.184918053619,ok
8875,3644 EAST OLYMPIC BOULEVARD LOS ANGELES,California,90023,"3644 EAST OLYMPIC BOULEVARD LOS ANGELES, CALIFORNIA 90023","3644 E OLYMPIC BLVD, LOS ANGELES, CA, 90023",34.018755101059,-118.19901277689,ok
9617,2103 SOUTH ATLANTIC BOULEVARD MONTEREY PARK,California,91754,"2103 SOUTH ATLANTIC BOULEVARD MONTEREY PARK, CALIFORNIA 91754","2103 S ATLANTIC BLVD, MONTEREY PARK, CA, 91754",34.03938817051,-118.143683682297,ok
9665,5944 NORTH FIGUEROA AVENUE LOS ANGELES,California,90042,"5944 NORTH FIGUEROA AVENUE LOS ANGELES, CALIFORNIA 90042","5944 N FIGUEROA ST, LOS ANGELES, CA, 90042",34.111046012745,-118.189688516482,ok
9666,2419 WORKMAN STREET LOS ANGELES,California,90031,"2419 WORKMAN STREET LOS ANGELES, CALIFORNIA 90031","2419 WORKMAN ST, LOS ANGELES, CA, 90031",34.07396665689,-118.214437277602,ok
10915,"1025 E. ADAMS BLVD., 1ST FLOOR LOS ANGELES",California,90011,"1025 E. ADAMS BLVD., 1ST FLOOR LOS ANGELES, CALIFORNIA 90011","1025 E ADAMS BLVD, LOS ANGELES, CA, 90011",34.01924067533,-118.255865158624,ok
9626,1701 SOUTH WESTERN AVENUE LOS ANGELES,California,90006,"1701 SOUTH WESTERN AVENUE LOS ANGELES, CALIFORNIA 90006","1701 S WESTERN AVE, LOS ANGELES, CA, 90006",34.042648310652,-118.30907990604,ok
4019,5837 S. CENTRAL AVE. LOS ANGELES,California,90001,"5837 S. CENTRAL AVE. LOS ANGELES, CALIFORNIA 90001","5837 S CENTRAL AVE, LOS ANGELES, CA, 90001",33.989200815133,-118.256506418116,ok
8831,3880 W. ROSECRANS AVE. HAWTHORNE,California,90250,"3880 W. ROSECRANS AVE. HAWTHORNE, CALIFORNIA 90250","3880 W ROSECRANS AVE, HAWTHORNE, CA, 90250",33.901866870482,-118.342548831699,ok
8860,11831 HAWTHORNE BOULEVARD HAWTHORNE,California,90250,"11831 HAWTHORNE BOULEVARD HAWTHORNE, CALIFORNIA 90250","11831 HAWTHORNE BLVD, HAWTHORNE, CA, 90250",33.926740151174,-118.352791210391,ok
8892,5822 SOUTH VERMONT AVENUE LOS ANGELES,California,90044,"5822 SOUTH VERMONT AVENUE LOS ANGELES, CALIFORNIA 90044","5822 S VERMONT AVE, LOS ANGELES, CA, 90044",33.988667264722,-118.291409707734,ok
8898,7300 ALAMEDA ST. WALNUT PARK,California,90255,"7300 ALAMEDA ST. WALNUT PARK, CALIFORNIA 90255","CVS Pharmacy, 7300, South Alameda Street, Walnut Park, Firestone Park, Los Angeles County, California, 90255, United States",33.9736755,-118.2329660,ok
9123,3800 MARTIN LUTHER KING JR. BOULEVARD LYNWOOD,California,90262,"3800 MARTIN LUTHER KING JR. BOULEVARD LYNWOOD, CALIFORNIA 90262","3800 MARTIN LUTHER KING JR BLVD, LYNWOOD, CA, 90262",33.927996461913,-118.199091190682,ok
9501,2655 SANTA ANA STREET SOUTH GATE,California,90280,"2655 SANTA ANA STREET SOUTH GATE, CALIFORNIA 90280","2655 SANTA ANA ST, SOUTH GATE, CA, 90280",33.965114162914,-118.22447138901,ok
9594,901 S. CENTRAL AVENUE COMPTON,California,90220,"901 S. CENTRAL AVENUE COMPTON, CALIFORNIA 90220","901 S CENTRAL AVE, COMPTON, CA, 90220",33.888302781015,-118.250106038028,ok
9596,5960 PACIFIC BOULEVARD HUNTINGTON PARK,California,90255,"5960 PACIFIC BOULEVARD HUNTINGTON PARK, CALIFORNIA 90255","5960 PACIFIC BLVD, HUNTINGTON PARK, CA, 90255",33.987999407575,-118.225118586001,ok
11073,3208 EAST FLORENCE AVENUE HUNTINGTON PARK,California,90255,"3208 EAST FLORENCE AVENUE HUNTINGTON PARK, CALIFORNIA 90255","3208 E FLORENCE AVE, HUNTINGTON PARK, CA, 90255",33.972596473645,-118.210340014594,ok
8840,311W. PACIFIC COAST HWY. SUITE C WILMINGTON,California,90744,"311W. PACIFIC COAST HWY. SUITE C WILMINGTON, CALIFORNIA 90744","311 W PACIFIC COAST HWY, WILMINGTON, CA, 90744",33.79106652615,-118.265898304406,ok
9122,700 S. GAFFEY ST. SAN PEDRO,California,90731,"700 S. GAFFEY ST. SAN PEDRO, CALIFORNIA 90731","700 S GAFFEY ST, SAN PEDRO, CA, 90731",33.737805650488,-118.29226071498,ok
4792,15232 SHERMAN WAY VAN NUYS,California,91405,"15232 SHERMAN WAY VAN NUYS, CALIFORNIA 91405","15232 SHERMAN WAY, VAN NUYS, CA, 91405",34.201008844562,-118.464951039051,ok
9625,9089 WOODMAN AVE. ARLETA,California,91331,"9089 WOODMAN AVE. ARLETA, CALIFORNIA 91331","9089 WOODMAN AVE, ARLETA, CA, 91331",34.235030256368,-118.440268621369,ok
9634,2521 EAST AVENUE S PALMDALE,California,93550,"2521 EAST AVENUE S PALMDALE, CALIFORNIA 93550","2521 E AVE S, PALMDALE, CA, 93550",34.558144374873,-118.084328061131,ok
9651,12717 GLENOAKS BLVD. SYLMAR,California,91342,"12717 GLENOAKS BLVD. SYLMAR, CALIFORNIA 91342","12717 GLENOAKS BLVD, SYLMAR, CA, 91342",34.301329205226,-118.441714180255,ok
4789,10945 VICTORY BOULEVARD NORTH HOLLYWOOD,California,91606,"10945 VICTORY BOULEVARD NORTH HOLLYWOOD, CALIFORNIA 91606","10945 VICTORY BLVD, NORTH HOLLYWOOD, CA, 91606",34.186749315051,-118.369360783205,ok
9850,5969 LANKERSHIM BLVD. NORTH HOLLYWOOD,California,91601,"5969 LANKERSHIM BLVD. NORTH HOLLYWOOD, CALIFORNIA 91601","5969 LANKERSHIM BLVD, NORTH HOLLYWOOD, CA, 91601",34.178932028857,-118.383187733057,ok
5022,7400 RESEDA BLVD. RESEDA,California,91335,"7400 RESEDA BLVD. RESEDA, CALIFORNIA 91335","7400 RESEDA BLVD, RESEDA, CA, 91335",34.204813439612,-118.535984472852,ok
9151,600 W MAIN ST SANTA PAULA,California,93060,"600 W MAIN ST SANTA PAULA, CALIFORNIA 93060","600 W MAIN ST, SANTA PAULA, CA, 93060",34.344247127812,-119.083726594449,ok
9602,21051 SHERMAN WAY CANOGA PARK,California,91303,"21051 SHERMAN WAY CANOGA PARK, CALIFORNIA 91303","21051 SHERMAN WAY, CANOGA PARK, CA, 91303",34.20109191438,-118.593555132902,ok
2768,6500 S. UNION AVE. BAKERSFIELD,California,93307,"6500 S. UNION AVE. BAKERSFIELD, CALIFORNIA 93307","6500 S UNION AVE, BAKERSFIELD, CA, 93307",35.295831760172,-119.00298887873,ok
2944,53 E. OLIVE AVE. PORTERVILLE,California,93257,"53 E. OLIVE AVE. PORTERVILLE, CALIFORNIA 93257","53 E OLIVE AVE, PORTERVILLE, CA, 93257",36.065025682207,-119.015145966306,ok
7001,6500 NILES STREET BAKERSFIELD,California,93306,"6500 NILES STREET BAKERSFIELD, CALIFORNIA 93306","6500 NILES ST, BAKERSFIELD, CA, 93306",35.376145974067,-118.931898601117,ok
9500,1455 E NOBLE AVE VISALIA,California,93292,"1455 E NOBLE AVE VISALIA, CALIFORNIA 93292","1455 E NOBLE AVE, VISALIA, CA, 93292",36.325514534364,-119.276729686774,ok
9845,1155 W HENDERSON AVE PORTERVILLE,California,93257,"1155 W HENDERSON AVE PORTERVILLE, CALIFORNIA 93257","1155 W HENDERSON AVE, PORTERVILLE, CA, 93257",36.080311890708,-119.043064151676,ok
9900,2690 MOUNT VERNON AVE BAKERSFIELD,California,93306,"2690 MOUNT VERNON AVE BAKERSFIELD, CALIFORNIA 93306","2690 MOUNT VERNON AVE, BAKERSFIELD, CA, 93306",35.396805667409,-118.967566372389,ok
9695,551 S. VENTURA RD. OXNARD,California,93030,"551 S. VENTURA RD. OXNARD, CALIFORNIA 93030","551 S VENTURA RD, OXNARD, CA, 93030",34.197015211743,-119.194826313483,ok
6772,4987 N. FRESNO ST. FRESNO,California,93726,"4987 N. FRESNO ST. FRESNO, CALIFORNIA 93726","4987 N FRESNO ST, FRESNO, CA, 93726",36.80828273033,-119.781429718489,ok
9377,1065 W MANNING AVE REEDLEY,California,93654,"1065 W MANNING AVE REEDLEY, CALIFORNIA 93654","1065 W MANNING AVE, REEDLEY, CA, 93654",36.603022164454,-119.460575350501,ok
3153,733 E MAIN ST SANTA MARIA,California,93454,"733 E MAIN ST SANTA MARIA, CALIFORNIA 93454","733 E MAIN ST, SANTA MARIA, CA, 93454",34.953249332132,-120.426082868401,ok
9750,1830 NORTH BROADWAY SANTA MARIA,California,93454,"1830 NORTH BROADWAY SANTA MARIA, CALIFORNIA 93454","1830 N BROADWAY, SANTA MARIA, CA, 93454",34.97329976329,-120.435462773038,ok
9871,1317 N H ST LOMPOC,California,93436,"1317 N H ST LOMPOC, CALIFORNIA 93436","1317 N H ST, LOMPOC, CA, 93436",34.659229860577,-120.457787440065,ok
9690,2111 BAY ROAD REDWOOD CITY,California,94063,"2111 BAY ROAD REDWOOD CITY, CALIFORNIA 94063","2111 BAY RD, REDWOOD CITY, CA, 94063",37.485392654971,-122.214363282444,ok
3056,2293 H DELA ROSA SR ST SOLEDAD,California,93960,"2293 H DELA ROSA SR ST SOLEDAD, CALIFORNIA 93960","2293, H Dela Rosa Sr Street, Soledad Mission Shopping Center, Soledad, Monterey County, California, 93960, United States",36.4176102,-121.3211619,ok
9186,110 E LAUREL DR SALINAS,California,93906,"110 E LAUREL DR SALINAS, CALIFORNIA 93906","110 E LAUREL DR, SALINAS, CA, 93906",36.698841497946,-121.649925192027,ok
9349,347 E ALISAL ST SALINAS,California,93901,"347 E ALISAL ST SALINAS, CALIFORNIA 93901","347 E ALISAL ST, SALINAS, CA, 93901",36.674576534082,-121.643353480608,ok
9796,490 RODRIGUEZ ST WATSONVILLE,California,95076,"490 RODRIGUEZ ST WATSONVILLE, CALIFORNIA 95076","490 RODRIGUEZ ST, WATSONVILLE, CA, 95076",36.910212982172,-121.759917348155,ok
9371,300 TRAVIS BLVD FAIRFIELD,California,94533,"300 TRAVIS BLVD FAIRFIELD, CALIFORNIA 94533","300 TRAVIS BLVD, FAIRFIELD, CA, 94533",38.258304116641,-122.03668549536,ok
9507,650 EAST EL SEGUNDO BOULEVARD LOS ANGELES,California,90059,"650 EAST EL SEGUNDO BOULEVARD LOS ANGELES, CALIFORNIA 90059","650 E EL SEGUNDO BLVD, LOS ANGELES, CA, 90059",33.916334993166,-118.264117519255,ok
9832,3678 SONOMA BLVD VALLEJO,California,94590,"3678 SONOMA BLVD VALLEJO, CALIFORNIA 94590","3678 SONOMA BLVD, VALLEJO, CA, 94590",38.125615042764,-122.255240734242,ok
9112,7100 BROADWAY LEMON GROVE,California,91945,"7100 BROADWAY LEMON GROVE, CALIFORNIA 91945","7100 BROADWAY, LEMON GROVE, CA, 91945",32.742592525672,-117.043861077316,ok
9120,800 PALM AVE. IMPERIAL BEACH,California,91932,"800 PALM AVE. IMPERIAL BEACH, CALIFORNIA 91932","CVS Pharmacy, 800, Palm Avenue, Bayview, Imperial Beach, San Diego County, California, 91932, United States",32.5844379,-117.1156743,ok
5267,26973 NEWPORT RD. MENIFEE,California,92584,"26973 NEWPORT RD. MENIFEE, CALIFORNIA 92584","26973 NEWPORT RD, MENIFEE, CA, 92584",33.6849758311,-117.188527664913,ok
6368,635 S MELROSE DR VISTA,California,92081,"635 S MELROSE DR VISTA, CALIFORNIA 92081","635 S MELROSE DR, VISTA, CA, 92081",33.187215231974,-117.253604296418,ok
9549,1980 COLLEGE BLVD OCEANSIDE,California,92056,"1980 COLLEGE BLVD OCEANSIDE, CALIFORNIA 92056","1980 COLLEGE BLVD, OCEANSIDE, CA, 92056",33.207974972275,-117.2849002453,ok
10792,1010 N. PEPPER AVENUE COLTON,California,92324,"1010 N. PEPPER AVENUE COLTON, CALIFORNIA 92324","1010 N PEPPER AVE, COLTON, CA, 92324",34.07795683689,-117.352871786827,ok
8895,775 E. FOOTHILL BOULEVARD POMONA,California,91767,"775 E. FOOTHILL BOULEVARD POMONA, CALIFORNIA 91767","775 E FOOTHILL BLVD, POMONA, CA, 91767",34.107157623181,-117.737128562899,ok
9508,1835 NEWPORT BOULEVARD #C COSTA MESA,California,92627,"1835 NEWPORT BOULEVARD #C COSTA MESA, CALIFORNIA 92627","1835 NEWPORT BLVD, COSTA MESA, CA, 92627",33.640376736494,-117.919716470167,ok
10509,3627 EAST CESAR EAST CHAVEZ AVE. LOS ANGELES,California,90063,"3627 EAST CESAR EAST CHAVEZ AVE. LOS ANGELES, CALIFORNIA 90063","3627 E CESAR E CHAVEZ AVE, LOS ANGELES, CA, 90063",34.040581437763,-118.186653724496,ok
8837,222 N. MARKET ST. INGLEWOOD,California,90301,"222 N. MARKET ST. INGLEWOOD, CALIFORNIA 90301","222 N MARKET ST, INGLEWOOD, CA, 90301",33.964866296923,-118.351852821971,ok
8853,1645 EAST 103RD STREET LOS ANGELES,California,90002,"1645 EAST 103RD STREET LOS ANGELES, CALIFORNIA 90002","1645 E 103RD ST, LOS ANGELES, CA, 90002",33.943256302604,-118.244993967748,ok
9655,10208 BALBOA BLVD. GRANADA HILLS,California,91344,"10208 BALBOA BLVD. GRANADA HILLS, CALIFORNIA 91344","10208 BALBOA BLVD, GRANADA HILLS, CA, 91344",34.255859892816,-118.502280713815,ok
9714,26861 SIERRA HWY SANTA CLARITA,California,91321,"26861 SIERRA HWY SANTA CLARITA, CALIFORNIA 91321","26861 SIERRA HWY, SANTA CLARITA, CA, 91321",34.404029644896,-118.467452059569,ok
9785,2006 WEST AVENUE J LANCASTER,California,93536,"2006 WEST AVENUE J LANCASTER, CALIFORNIA 93536","2006 W AVE J, LANCASTER, CA, 93536",34.689276773959,-118.165876551139,ok
35,800 N. WESTWOOD ST. PORTERVILLE,California,93257,"800 N. WESTWOOD ST. PORTERVILLE, CALIFORNIA 93257","800 N WESTWOOD ST, PORTERVILLE, CA, 93257",36.08035250128,-119.070751897584,ok
912,2175 E. BARDSLEY AVE. TULARE,California,93274,"2175 E. BARDSLEY AVE. TULARE, CALIFORNIA 93274","2175 E BARDSLEY AVE, TULARE, CA, 93274",36.196614688488,-119.313922401995,ok
9176,1395 E PROSPERITY AVE TULARE,California,93274,"1395 E PROSPERITY AVE TULARE, CALIFORNIA 93274","1395 E PROSPERITY AVE, TULARE, CA, 93274",36.225770810347,-119.326545859905,ok
9271,3619 W. CALDWELL AVE VISALIA,California,93277,"3619 W. CALDWELL AVE VISALIA, CALIFORNIA 93277","3619 W CALDWELL AVE, VISALIA, CA, 93277",36.298323679475,-119.330543728889,ok
9556,1740 S VICTORIA AVE VENTURA,California,93003,"1740 S VICTORIA AVE VENTURA, CALIFORNIA 93003","1740 S VICTORIA AVE, VENTURA, CA, 93003",34.258495561932,-119.210898104949,ok
7910,1794 ASHLAN AVE CLOVIS,California,93611,"1794 ASHLAN AVE CLOVIS, CALIFORNIA 93611","1794 ASHLAN AVE, CLOVIS, CA, 93611",36.793908654618,-119.682235874802,ok
9801,10 SHAW AVENUE CLOVIS,California,93612,"10 SHAW AVENUE CLOVIS, CALIFORNIA 93612","10 SHAW AVE, CLOVIS, CA, 93612",36.808425655039,-119.708926209375,ok
9925,187 NIBLICK RD PASO ROBLES,California,93446,"187 NIBLICK RD PASO ROBLES, CALIFORNIA 93446","CVS Pharmacy, 187, Niblick Road, Paso Robles, San Luis Obispo County, California, 93446, United States",35.6168611,-120.6818560,ok
3051,17579 VIERRA CANYON RD SALINAS,California,93907,"17579 VIERRA CANYON RD SALINAS, CALIFORNIA 93907","17579 VIERRA CANYON RD, SALINAS, CA, 93907",36.792081824613,-121.664488981982,ok
10005,"6401 MACK RD., SACRAMENTO",California,95823,"6401 MACK RD., SACRAMENTO, CALIFORNIA 95823","6401 MACK RD, SACRAMENTO, CA, 95823",38.474284467165,-121.428924776904,ok
2290,1587 W EL CAMINO AVE SACRAMENTO,California,95833,"1587 W EL CAMINO AVE SACRAMENTO, CALIFORNIA 95833","1587 W EL CAMINO AVE, SACRAMENTO, CA, 95833",38.612804101514,-121.49757946946,ok
8431,7200 BANCROFT AVE. OAKLAND,California,94605,"7200 BANCROFT AVE. OAKLAND, CALIFORNIA 94605","7200 BANCROFT, OAKLAND, CA, 94605",37.768135012168,-122.179317456534,ok
9622,243 W JACKSON ST HAYWARD,California,94544,"243 W JACKSON ST HAYWARD, CALIFORNIA 94544","243 W JACKSON ST, HAYWARD, CA, 94544",37.651649119227,-122.090391574201,ok
7141,291 S. COOMBS ST NAPA,California,94559,"291 S. COOMBS ST NAPA, CALIFORNIA 94559","291 S COOMBS ST, NAPA, CA, 94559",38.281974605513,-122.289113216577,ok
345,1111 S CLOVERDALE BLVD CLOVERDALE,California,95425,"1111 S CLOVERDALE BLVD CLOVERDALE, CALIFORNIA 95425","1111 S CLOVERDALE BLVD, CLOVERDALE, CA, 95425",38.785735756255,-123.014009912993,ok
9946,463 STONY POINT RD SANTA ROSA,California,95401,"463 STONY POINT RD SANTA ROSA, CALIFORNIA 95401","463 STONY POINT RD, SANTA ROSA, CA, 95401",38.433109844373,-122.742276283825,ok
5497,84010 AVENUE 50 COACHELLA,California,92236,"84010 AVENUE 50 COACHELLA, CALIFORNIA 92236","CVS Pharmacy, 84010, Avenue 50, Coachella, Riverside County, California, 92236, United States",33.6860207,-116.1983301,ok
9616,31575 DATE PALM DR. CATHEDRAL CITY,California,92234,"31575 DATE PALM DR. CATHEDRAL CITY, CALIFORNIA 92234","31575 DATE PALM DR, CATHEDRAL CITY, CA, 92234",33.819028658009,-116.458293309832,ok
9113,645 E. PALOMAR ST. CHULA VISTA,California,91911,"645 E. PALOMAR ST. CHULA VISTA, CALIFORNIA 91911","645 E PALOMAR ST, CHULA VISTA, CA, 91911",32.614382643683,-117.025650056048,ok
8523,211 W. BASE LINE RD. RIALTO,California,92376,"211 W. BASE LINE RD. RIALTO, CALIFORNIA 92376","211 W BASE LINE RD, RIALTO, CA, 92376",34.121313791276,-117.372848234968,ok
9727,2456 S GROVE AVE ONTARIO,California,91761,"2456 S GROVE AVE ONTARIO, CALIFORNIA 91761","2456 S GROVE AVE, ONTARIO, CA, 91761",34.028905733968,-117.62849305329,ok
8865,11011 ALONDRA BOULEVARD NORWALK,California,90650,"11011 ALONDRA BOULEVARD NORWALK, CALIFORNIA 90650","11011 ALONDRA BLVD, NORWALK, CA, 90650",33.887656079649,-118.099556677679,ok
9504,8008 FIRESTONE BOULEVARD DOWNEY,California,90241,"8008 FIRESTONE BOULEVARD DOWNEY, CALIFORNIA 90241","8008 FIRESTONE BLVD, DOWNEY, CA, 90241",33.942537875913,-118.137858806861,ok
4524,5176 E. WHITTIER BLVD. LOS ANGELES,California,90022,"5176 E. WHITTIER BLVD. LOS ANGELES, CALIFORNIA 90022","5176 WHITTIER BLVD, LOS ANGELES, CA, 90022",34.020475081608,-118.157894086109,ok
8835,3710 TWEEDY BOULEVARD SOUTH GATE,California,90280,"3710 TWEEDY BOULEVARD SOUTH GATE, CALIFORNIA 90280","3710 TWEEDY BLVD, SOUTH GATE, CA, 90280",33.944112165531,-118.205140813761,ok
7191,15718 HAWTHORNE BLVD (NEC) LAWNDALE,California,90260,"15718 HAWTHORNE BLVD (NEC) LAWNDALE, CALIFORNIA 90260","15718 HAWTHORNE BLVD, LAWNDALE, CA, 90260",33.888357709818,-118.352299286678,ok
3055,38012 47TH STREET EAST PALMDALE,California,93552,"38012 47TH STREET EAST PALMDALE, CALIFORNIA 93552","38012 47TH ST E, PALMDALE, CA, 93552",34.573130972724,-118.044921803443,ok
9643,8425 LAUREL CANYON BLVD. SUN VALLEY,California,91352,"8425 LAUREL CANYON BLVD. SUN VALLEY, CALIFORNIA 91352","8425 LAUREL CANYON BLVD, SUN VALLEY, CA, 91352",34.223046613071,-118.396503302051,ok
10921,6601 STINE ROAD BAKERSFIELD,California,93313,"6601 STINE ROAD BAKERSFIELD, CALIFORNIA 93313","6601 STINE RD, BAKERSFIELD, CA, 93313",35.29363704654,-119.056746766951,ok
9852,11426 WASHINGTON BLVD. WHITTIER,California,90606,"11426 WASHINGTON BLVD. WHITTIER, CALIFORNIA 90606","11426 WASHINGTON BLVD, WHITTIER, CA, 90606",33.97109607509,-118.068138457323,ok
9831,1387 W WHITTIER BLVD LA HABRA,California,90631,"1387 W WHITTIER BLVD LA HABRA, CALIFORNIA 90631","1387 W WHITTIER BLVD, LA HABRA, CA, 90631",33.939354806848,-117.961434425497,ok
9686,4707 VENICE BLVD LOS ANGELES,California,90019,"4707 VENICE BLVD LOS ANGELES, CALIFORNIA 90019","4707 VENICE BLVD, LOS ANGELES, CA, 90019",34.047074290386,-118.338821291661,ok
10663,1919 SOUTH HOOVER ST. LOS ANGELES,California,90007,"1919 SOUTH HOOVER ST. LOS ANGELES, CALIFORNIA 90007","1919 S HOOVER ST, LOS ANGELES, CA, 90007",34.039511991527,-118.284159029384,ok
9564,15700 SOUTH WESTERN AVENUE GARDENA,California,90247,"15700 SOUTH WESTERN AVENUE GARDENA, CALIFORNIA 90247","15700 S WESTERN AVE, GARDENA, CA, 90247",33.888474120168,-118.309073209821,ok
10182,866 EASTLAKE PARKWAY CHULA VISTA,California,91914,"866 EASTLAKE PARKWAY CHULA VISTA, CALIFORNIA 91914","866 EASTLAKE DR, CHULA VISTA, CA, 91914",32.652884905935,-116.969217595463,ok
9654,2091 E LAKESHORE DR LAKE ELSINORE,California,92530,"2091 E LAKESHORE DR LAKE ELSINORE, CALIFORNIA 92530","2091 E LAKESHORE DR, LAKE ELSINORE, CA, 92530",33.660112716438,-117.300451103179,ok
9585,3925 N. RIVER RD. OCEANSIDE,California,92058,"3925 N. RIVER RD. OCEANSIDE, CALIFORNIA 92058","3925 N RIVER RD, OCEANSIDE, CA, 92058",33.245225602645,-117.323671388845,ok
8825,"12071 MT. VERNON AVE, GRAND TERRACE",California,92313,"12071 MT. VERNON AVE, GRAND TERRACE, CALIFORNIA 92313","12071 MOUNT VERNON AVE, GRAND TERRACE, CA, 92313",34.034384028077,-117.313582333146,ok
11035,16049 BASELINE AVENUE #1 FONTANA,California,92336,"16049 BASELINE AVENUE #1 FONTANA, CALIFORNIA 92336","16049 BASELINE RD, FONTANA, CA, 92336",34.121327441764,-117.454767173154,ok
9698,100 W. FOOTHILL BLVD. UPLAND,California,91786,"100 W. FOOTHILL BLVD. UPLAND, CALIFORNIA 91786","100 W FOOTHILL BLVD, UPLAND, CA, 91786",34.106940808737,-117.652539987349,ok
10914,8956 FOOTHILL BLVD RANCHO CUCAMONGA,California,91730,"8956 FOOTHILL BLVD RANCHO CUCAMONGA, CALIFORNIA 91730","8956 FOOTHILL BLVD, RANCHO CUCAMONGA, CA, 91730",34.106844167122,-117.609842510645,ok
9560,611 S. BROOKHURST ST. ANAHEIM,California,92804,"611 S. BROOKHURST ST. ANAHEIM, CALIFORNIA 92804","611 S BROOKHURST ST, ANAHEIM, CA, 92804",33.824766413615,-117.95899988134,ok
9733,435 EAST ARROW HWY GLENDORA,California,91740,"435 EAST ARROW HWY GLENDORA, CALIFORNIA 91740","435 E ARROW HWY, GLENDORA, CA, 91740",34.106668411692,-117.855997098831,ok
7088,16961 BEACH BOULEVARD HUNTINGTON BEACH,California,92647,"16961 BEACH BOULEVARD HUNTINGTON BEACH, CALIFORNIA 92647","16961 BEACH BLVD, HUNTINGTON BEACH, CA, 92647",33.716188241325,-117.989286782139,ok
9598,455 NORTH STATE COLLEGE BOULEVARD FULLERTON,California,92831,"455 NORTH STATE COLLEGE BOULEVARD FULLERTON, CALIFORNIA 92831","455 N STATE COLLEGE BLVD, FULLERTON, CA, 92831",33.873947757667,-117.889684236369,ok
9488,11851 ARTESIA BOULEVARD ARTESIA,California,90701,"11851 ARTESIA BOULEVARD ARTESIA, CALIFORNIA 90701","11851 ARTESIA BLVD, ARTESIA, CA, 90701",33.87309178448,-118.081142230275,ok
9566,596 LONG BEACH BOULEVARD LONG BEACH,California,90802,"596 LONG BEACH BOULEVARD LONG BEACH, CALIFORNIA 90802","596 LONG BEACH BLVD, LONG BEACH, CA, 90802",33.773889391084,-118.189303290278,ok
6976,4414 YORK BLVD LOS ANGELES,California,90041,"4414 YORK BLVD LOS ANGELES, CALIFORNIA 90041","4414 YORK BLVD, LOS ANGELES, CA, 90041",34.12399454442,-118.220353239591,ok
9611,19424 SOLEDAD CANYON RD. CANYON COUNTRY,California,91351,"19424 SOLEDAD CANYON RD. CANYON COUNTRY, CALIFORNIA 91351","19424 SOLEDAD CANYON RD, CANYON COUNTRY, CA, 91351",34.41558682178,-118.474577912242,ok
9530,155 W LOS ANGELES AVE MOORPARK,California,93021,"155 W LOS ANGELES AVE MOORPARK, CALIFORNIA 93021","155 W LOS ANGELES AVE, MOORPARK, CA, 93021",34.284930056311,-118.805524895222,ok
9983,929 SIERRA ST KINGSBURG,California,93631,"929 SIERRA ST KINGSBURG, CALIFORNIA 93631","929 SIERRA ST, KINGSBURG, CA, 93631",36.517930264379,-119.558026312251,ok
9782,610 WEST TEFFT STREET NIPOMO,California,93444,"610 WEST TEFFT STREET NIPOMO, CALIFORNIA 93444","610 W TEFFT ST, NIPOMO, CA, 93444",35.035690611115,-120.486940334596,ok
9623,649 W. OLIVE AVE. MERCED,California,95348,"649 W. OLIVE AVE. MERCED, CALIFORNIA 95348","649 W OLIVE AVE, MERCED, CA, 95348",37.319332538201,-120.479221553047,ok
3061,3475 MCKEE RD SAN JOSE,California,95127,"3475 MCKEE RD SAN JOSE, CALIFORNIA 95127","3475 MCKEE RD, SAN JOSE, CA, 95127",37.376189293576,-121.834082323268,ok
10199,26059 MISSION BLVD. HAYWARD,California,94544,"26059 MISSION BLVD. HAYWARD, CALIFORNIA 94544","26059, Mission Boulevard, Sorenson, Hayward, Alameda County, California, 94544, United States",37.6519083,-122.0673433,ok
3078,2151 MEEKER AVE RICHMOND,California,94804,"2151 MEEKER AVE RICHMOND, CALIFORNIA 94804","2151 MEEKER AVE, RICHMOND, CA, 94804",37.919817723858,-122.348893229454,ok
8833,3332 SANDROCK ROAD SAN DIEGO,California,92123,"3332 SANDROCK ROAD SAN DIEGO, CALIFORNIA 92123","3332 SANDROCK RD, SAN DIEGO, CA, 92123",32.80410251548,-117.139961681732,ok
7786,27749 CLINTON KEITH ROAD MURRIETA,California,92562,"27749 CLINTON KEITH ROAD MURRIETA, CALIFORNIA 92562","27749 CLINTON KEITH RD, MURRIETA, CA, 92562",33.598709573861,-117.176667410168,ok
10434,29171 NEWPORT ROAD MENIFEE,California,92584,"29171 NEWPORT ROAD MENIFEE, CALIFORNIA 92584","29171 NEWPORT RD, MENIFEE, CA, 92584",33.684993829148,-117.152938263275,ok
8818,997 WOODLAND PKWY. SAN MARCOS,California,92069,"997 WOODLAND PKWY. SAN MARCOS, CALIFORNIA 92069","997 WOODLAND PKWY, SAN MARCOS, CA, 92069",33.156821144394,-117.128978305514,ok
9103,318 W EL NORTE PARKWAY ESCONDIDO,California,92026,"318 W EL NORTE PARKWAY ESCONDIDO, CALIFORNIA 92026","318 W EL NORTE PKWY, ESCONDIDO, CA, 92026",33.142269496855,-117.095156355794,ok
9166,734 S. RANCHO SANTA FE RD. SAN MARCOS,California,92078,"734 S. RANCHO SANTA FE RD. SAN MARCOS, CALIFORNIA 92078","734 S RANCHO SANTA FE RD, SAN MARCOS, CA, 92078",33.132200995356,-117.20780151644,ok
9532,4615 FRAZEE ROAD OCEANSIDE,California,92057,"4615 FRAZEE ROAD OCEANSIDE, CALIFORNIA 92057","4615 FRAZEE RD, OCEANSIDE, CA, 92057",33.238334960018,-117.297859117961,ok
9558,320 S TWIN OAKS VALLEY RD SAN MARCOS,California,92078,"320 S TWIN OAKS VALLEY RD SAN MARCOS, CALIFORNIA 92078","320 S TWIN OAKS VALLEY RD, SAN MARCOS, CA, 92078",33.135331854477,-117.163971965023,ok
9961,191 WOODLAND PKWY SAN MARCOS,California,92069,"191 WOODLAND PKWY SAN MARCOS, CALIFORNIA 92069","191 WOODLAND PKWY, SAN MARCOS, CA, 92069",33.141439374797,-117.139088852638,ok
9313,7241 BOULDER AVE HIGHLAND,California,92346,"7241 BOULDER AVE HIGHLAND, CALIFORNIA 92346","7241 BOULDER AVE, HIGHLAND, CA, 92346",34.122337650669,-117.195475024581,ok
3057,30261 GOLDEN LANTERN LAGUNA NIGUEL,California,92677,"30261 GOLDEN LANTERN LAGUNA NIGUEL, CALIFORNIA 92677","30261 GOLDEN LANTERN, LAGUNA NIGUEL, CA, 92677",33.523987935191,-117.685716377189,ok
8893,602 N. EL CAMINO REAL SAN CLEMENTE,California,92672,"602 N. EL CAMINO REAL SAN CLEMENTE, CALIFORNIA 92672","602 N EL CAMINO REAL, SAN CLEMENTE, CA, 92672",33.430054260451,-117.617410056601,ok
9924,27251 LA PAZ RD LAGUNA NIGUEL,California,92677,"27251 LA PAZ RD LAGUNA NIGUEL, CALIFORNIA 92677","27251 LA PAZ RD, LAGUNA NIGUEL, CA, 92677",33.567370912283,-117.707747241707,ok
8877,671 EAST 1ST STREET TUSTIN,California,92780,"671 EAST 1ST STREET TUSTIN, CALIFORNIA 92780","671 E 1ST ST, TUSTIN, CA, 92780",33.744948810908,-117.813683228979,ok
8890,17642 EAST 17TH ST. TUSTIN,California,92780,"17642 EAST 17TH ST. TUSTIN, CALIFORNIA 92780","17642 E 17TH ST, TUSTIN, CA, 92780",33.759774857522,-117.82414792518,ok
9119,4040 E. CHAPMAN AVE. ORANGE,California,92869,"4040 E. CHAPMAN AVE. ORANGE, CALIFORNIA 92869","4040 E CHAPMAN AVE, ORANGE, CA, 92869",33.787707619543,-117.810770913489,ok
9725,480 SOUTH MAIN STREET ORANGE,California,92868,"480 SOUTH MAIN STREET ORANGE, CALIFORNIA 92868","480 S MAIN ST, ORANGE, CA, 92868",33.780741102168,-117.867359832147,ok
9744,1535 EAST KATELLA AVENUE ORANGE,California,92867,"1535 EAST KATELLA AVENUE ORANGE, CALIFORNIA 92867","1535 E KATELLA AVE, ORANGE, CA, 92867",33.809229992239,-117.83769866841,ok
9753,5735 E. LA PALMA AVENUE ANAHEIM,California,92807,"5735 E. LA PALMA AVENUE ANAHEIM, CALIFORNIA 92807","5735 E LA PALMA AVE, ANAHEIM, CA, 92807",33.859706143126,-117.789241941649,ok
9641,206 N. AZUSA AVENUE COVINA,California,91722,"206 N. AZUSA AVENUE COVINA, CALIFORNIA 91722","206 N AZUSA AVE, COVINA, CA, 91722",34.087182059861,-117.907603534576,ok
9694,900 N. LAKE AVE. PASADENA,California,91104,"900 N. LAKE AVE. PASADENA, CALIFORNIA 91104","900 N LAKE AVE, PASADENA, CA, 91104",34.160776918248,-118.132416185924,ok
9212,1843 S LA CIENEGA BLVD LOS ANGELES,California,90035,"1843 S LA CIENEGA BLVD LOS ANGELES, CALIFORNIA 90035","1843 S LA CIENEGA BLVD, LOS ANGELES, CA, 90035",34.043653387651,-118.376719237853,ok
9582,3741 CRENSHAW BOULEVARD LOS ANGELES,California,90016,"3741 CRENSHAW BOULEVARD LOS ANGELES, CALIFORNIA 90016","3741 CRENSHAW BLVD, LOS ANGELES, CA, 90016",34.01920236381,-118.335166427468,ok
9578,3120 W. IMPERIAL HWY. INGLEWOOD,California,90303,"3120 W. IMPERIAL HWY. INGLEWOOD, CALIFORNIA 90303","3120 W IMPERIAL HWY, INGLEWOOD, CA, 90303",33.930831802261,-118.326819764095,ok
8886,8601 SOUTH SEPULVEDA BOULEVARD LOS ANGELES,California,90045,"8601 SOUTH SEPULVEDA BOULEVARD LOS ANGELES, CALIFORNIA 90045","8601 S SEPULVEDA BLVD, LOS ANGELES, CA, 90045",33.959757598446,-118.396298974356,ok
9985,8900 SEPULVEDA WESTWAY LOS ANGELES,California,90045,"8900 SEPULVEDA WESTWAY LOS ANGELES, CALIFORNIA 90045","8900 SEPULVEDA WESTWAY, LOS ANGELES, CA, 90045",33.956307374605,-118.398111073926,ok
5483,5601 N. VAN.NUYS BLVD. SHERMAN OAKS,California,91401,"5601 N. VAN.NUYS BLVD. SHERMAN OAKS, CALIFORNIA 91401","5601 VAN NUYS BLVD, SHERMAN OAKS, CA, 91401",34.172170379485,-118.448773591238,ok
2289,19701 VANOWEN ST. WINNETKA,California,91306,"19701 VANOWEN ST. WINNETKA, CALIFORNIA 91306","19701 VANOWEN ST, WINNETKA, CA, 91306",34.193878206213,-118.562304301732,ok
5495,5184 STOCKDALE HWY. BAKERSFIELD,California,93309,"5184 STOCKDALE HWY. BAKERSFIELD, CALIFORNIA 93309","5184 STOCKDALE HWY, BAKERSFIELD, CA, 93309",35.354288523081,-119.059267013315,ok
9844,760 ARNEILL RD CAMARILLO,California,93010,"760 ARNEILL RD CAMARILLO, CALIFORNIA 93010","760, Arneill Road, Old Town, Camarillo, Ventura County, California, 93010, United States",34.2247867,-119.0391615,ok
9737,189 SOUTH TURNPIKE ROAD GOLETA,California,93111,"189 SOUTH TURNPIKE ROAD GOLETA, CALIFORNIA 93111","189 S TURNPIKE RD, GOLETA, CA, 93111",34.437979083698,-119.789518991078,ok
1300,662 E BORONDA RD SALINAS,California,93906,"662 E BORONDA RD SALINAS, CALIFORNIA 93906","662 E BORONDA RD, SALINAS, CA, 93906",36.713231374749,-121.612320520272,ok
9511,1175 2ND ST BRENTWOOD,California,94513,"1175 2ND ST BRENTWOOD, CALIFORNIA 94513","1175 2ND ST, BRENTWOOD, CA, 94513",37.937660213707,-121.69870594194,ok
9830,6632 PACIFIC AVE. STOCKTON,California,95207,"6632 PACIFIC AVE. STOCKTON, CALIFORNIA 95207","6632 PACIFIC AVE, STOCKTON, CA, 95207",38.010496240215,-121.320055801059,ok
1173,455 CENTER ST HEALDSBURG,California,95448,"455 CENTER ST HEALDSBURG, CALIFORNIA 95448","455 CENTER ST, HEALDSBURG, CA, 95448",38.613277241053,-122.870233140766,ok
3932,150 S MAIN ST FORT BRAGG,California,95437,"150 S MAIN ST FORT BRAGG, CALIFORNIA 95437","150 S MAIN ST, FORT BRAGG, CA, 95437",39.441076008629,-123.805824368033,ok
9393,2075 MENDOCINO AVE SANTA ROSA,California,95401,"2075 MENDOCINO AVE SANTA ROSA, CALIFORNIA 95401","2075 MENDOCINO AVE, SANTA ROSA, CA, 95401",38.460203602131,-122.717197665186,ok
9822,155 S ORCHARD AVE UKIAH,California,95482,"155 S ORCHARD AVE UKIAH, CALIFORNIA 95482","155 S ORCHARD AVE, UKIAH, CA, 95482",39.150523206005,-123.198896811858,ok
7962,5685 BALBOA AVE SAN DIEGO,California,92111,"5685 BALBOA AVE SAN DIEGO, CALIFORNIA 92111","5685 BALBOA AVE, SAN DIEGO, CA, 92111",32.820180768825,-117.17830509657,ok
9920,30640 RANCHO,California,,"30640 RANCHO, CALIFORNIA","30640 RANCHO RD, NUEVO, CA, 92567",33.81856254419,-117.12606476673,ok
8846,21572 PLANO TRABUCO RD. TRABUCO CANYON,California,92679,"21572 PLANO TRABUCO RD. TRABUCO CANYON, CALIFORNIA 92679","21572 PLANO TRABUCO RD, TRABUCO CANYON, CA, 92679",33.643055839108,-117.578112096648,ok
8862,12031 BROOKHURST STREET GARDEN GROVE,California,92840,"12031 BROOKHURST STREET GARDEN GROVE, CALIFORNIA 92840","12031 BROOKHURST ST, GARDEN GROVE, CA, 92840",33.788140276619,-117.95878107394,ok
9481,12444 BEACH BOULEVARD STANTON,California,90680,"12444 BEACH BOULEVARD STANTON, CALIFORNIA 90680","12444 BEACH BLVD, STANTON, CA, 90680",33.781876013438,-117.992792442094,ok
9667,300 SOUTH DIAMOND BAR BOULEVARD DIAMOND BAR,California,91765,"300 SOUTH DIAMOND BAR BOULEVARD DIAMOND BAR, CALIFORNIA 91765","300 S DIAMOND BAR BLVD, DIAMOND BAR, CA, 91765",34.020986890665,-117.809833608351,ok
9730,2141 SOUTH HACIENDA BOULEVARD HACIENDA HEIGHTS,California,91745,"2141 SOUTH HACIENDA BOULEVARD HACIENDA HEIGHTS, CALIFORNIA 91745","2141 S HACIENDA BLVD, HACIENDA HEIGHTS, CA, 91745",33.995545090934,-117.968406899944,ok
9748,3670 S. NOGALES ST. WEST COVINA,California,91792,"3670 S. NOGALES ST. WEST COVINA, CALIFORNIA 91792","3670 NOGALES ST, WEST COVINA, CA, 91792",34.010966921744,-117.886664911883,ok
1666,846 W. AVENUE K LANCASTER,California,93534,"846 W. AVENUE K LANCASTER, CALIFORNIA 93534","846 W AVE K, LANCASTER, CA, 93534",34.674813164986,-118.145630214343,ok
4221,11300 MING AVE BAKERSFIELD,California,93311,"11300 MING AVE BAKERSFIELD, CALIFORNIA 93311","11300 MING AVE, BAKERSFIELD, CA, 93311",35.339876438739,-119.127984937652,ok
9592,1435 E GRAND AVE ARROYO GRANDE,California,93420,"1435 E GRAND AVE ARROYO GRANDE, CALIFORNIA 93420","1435 E GRAND AVE, ARROYO GRANDE, CA, 93420",35.12071383442,-120.60554394831,ok
9909,8320 EL CAMINO REAL ATASCADERO,California,93422,"8320 EL CAMINO REAL ATASCADERO, CALIFORNIA 93422","8320 EL CAMINO REAL, ATASCADERO, CA, 93422",35.474578935698,-120.654591658152,ok
9188,869 NEWVILLE RD ORLAND,California,95963,"869 NEWVILLE RD ORLAND, CALIFORNIA 95963","869 NEWVILLE RD, ORLAND, CA, 95963",39.748562272275,-122.200535973482,ok
9943,949 11TH ST LAKEPORT,California,95453,"949 11TH ST LAKEPORT, CALIFORNIA 95453","949 11TH ST, LAKEPORT, CA, 95453",39.049040844807,-122.927652374815,ok
1520,68-010 VISTA CHINO CATHEDRAL CITY,California,92234,"68-010 VISTA CHINO CATHEDRAL CITY, CALIFORNIA 92234","Vista Chino, Cathedral City, Riverside County, California, United States",33.8449910,-116.4569399,ok
2050,42150 A JACKSON ST. INDIO,California,92203,"42150 A JACKSON ST. INDIO, CALIFORNIA 92203","42150 JACKSON ST, INDIO, CA, 92203",33.742618599343,-116.216630604101,ok
3058,26180 IRIS AVE MORENO VALLEY,California,92555,"26180 IRIS AVE MORENO VALLEY, CALIFORNIA 92555","26180 IRIS AVE, MORENO VALLEY, CA, 92555",33.891389056954,-117.206193576565,ok
9240,"380 EAST ""H"" STREET CHULA VISTA",California,91910,"380 EAST ""H"" STREET CHULA VISTA, CALIFORNIA 91910","380 E H ST, CHULA VISTA, CA, 91910",32.640278213061,-117.048701147976,ok
9632,691 3RD AVE. CHULA VISTA,California,91910,"691 3RD AVE. CHULA VISTA, CALIFORNIA 91910","691 3RD AVE, CHULA VISTA, CA, 91910",32.627843038604,-117.074571244032,ok
9110,1101 S. MISSION RD. FALLBROOK,California,92028,"1101 S. MISSION RD. FALLBROOK, CALIFORNIA 92028","1101 S MISSION RD, FALLBROOK, CA, 92028",33.372377827886,-117.253395397797,ok
8866,1706 OCEANSIDE BLVD OCEANSIDE,California,92054,"1706 OCEANSIDE BLVD OCEANSIDE, CALIFORNIA 92054","1706 OCEANSIDE BLVD, OCEANSIDE, CA, 92054",33.191551393384,-117.360453124104,ok
4148,14426 PALMDALE RD. VICTORVILLE,California,92392,"14426 PALMDALE RD. VICTORVILLE, CALIFORNIA 92392","14426 PALMDALE RD, VICTORVILLE, CA, 92392",34.506781337798,-117.351111898091,ok
8436,27310 BASELINE HIGHLAND,California,92346,"27310 BASELINE HIGHLAND, CALIFORNIA 92346","27310 BASELINE ST, HIGHLAND, CA, 92346",34.12130237338,-117.208539948826,ok
9778,12101 CENTRAL AVE. CHINO,California,91710,"12101 CENTRAL AVE. CHINO, CALIFORNIA 91710","12101 CENTRAL AVE, CHINO, CA, 91710",34.033443942025,-117.689384710384,ok
9910,3440 LA SIERRA AVE RIVERSIDE,California,92503,"3440 LA SIERRA AVE RIVERSIDE, CALIFORNIA 92503","3440 LA SIERRA AVE, RIVERSIDE, CA, 92503",33.897619262926,-117.471511814666,ok
8874,1676 WEST KATELLA AVENUE ANAHEIM,California,92802,"1676 WEST KATELLA AVENUE ANAHEIM, CALIFORNIA 92802","1676 W KATELLA AVE, ANAHEIM, CA, 92802",33.803026017507,-117.940319475342,ok
9555,510 SOUTH BEACH BOULEVARD ANAHEIM,California,92804,"510 SOUTH BEACH BOULEVARD ANAHEIM, CALIFORNIA 92804","510 S BEACH BLVD, ANAHEIM, CA, 92804",33.825989130866,-117.993281053634,ok
9759,270 WEST LINCOLN AVENUE ANAHEIM,California,92805,"270 WEST LINCOLN AVENUE ANAHEIM, CALIFORNIA 92805","270 W LINCOLN AVE, ANAHEIM, CA, 92805",33.835315628909,-117.917179319394,ok
9512,15466 WHITTIER BLVD. WHITTIER,California,90603,"15466 WHITTIER BLVD. WHITTIER, CALIFORNIA 90603","15466 WHITTIER BLVD, WHITTIER, CA, 90603",33.945653755084,-117.997117838182,ok
10223,1151 SOUTH HARBOR BLVD LA HABRA,California,90631,"1151 SOUTH HARBOR BLVD LA HABRA, CALIFORNIA 90631","1151 S HARBOR BLVD, LA HABRA, CA, 90631",33.918290753778,-117.933104921188,ok
8876,233 EAST WILLOW STREET LONG BEACH,California,90806,"233 EAST WILLOW STREET LONG BEACH, CALIFORNIA 90806","233 E WILLOW ST, LONG BEACH, CA, 90806",33.8044394642,-118.190318340304,ok
9791,2532 W. VALLEY BLVD. ALHAMBRA,California,91803,"2532 W. VALLEY BLVD. ALHAMBRA, CALIFORNIA 91803","2532 W VALLEY BLVD, ALHAMBRA, CA, 91803",34.076897955094,-118.151150074982,ok
9584,4345 WEST CENTURY BOULEVARD INGLEWOOD,California,90304,"4345 WEST CENTURY BOULEVARD INGLEWOOD, CALIFORNIA 90304","4345 W CENTURY BLVD, INGLEWOOD, CA, 90304",33.945505856938,-118.351412323543,ok
5809,4775 W. ROSECRANS AVE. HAWTHORNE,California,90250,"4775 W. ROSECRANS AVE. HAWTHORNE, CALIFORNIA 90250","4775 W ROSECRANS AVE, HAWTHORNE, CA, 90250",33.901889061231,-118.360784723647,ok
9636,24840 ORCHARD VILLAGE RD. SANTA CLARITA,California,91355,"24840 ORCHARD VILLAGE RD. SANTA CLARITA, CALIFORNIA 91355","24840 ORCHARD VILLAGE RD, SANTA CLARITA, CA, 91355",34.381535802027,-118.541358958545,ok
9657,44430 CHALLENGER WAY LANCASTER,California,93535,"44430 CHALLENGER WAY LANCASTER, CALIFORNIA 93535","44430 CHALLENGER WAY, LANCASTER, CA, 93535",34.689993387133,-118.112556725534,ok
9789,9900 SEPULVEDA BLVD MISSION HILLS,California,91345,"9900 SEPULVEDA BLVD MISSION HILLS, CALIFORNIA 91345","9900 SEPULVEDA BLVD, MISSION HILLS, CA, 91345",34.250091958754,-118.46728237694,ok
9717,13021 VICTORY BLVD. NORTH HOLLYWOOD,California,91606,"13021 VICTORY BLVD. NORTH HOLLYWOOD, CALIFORNIA 91606","13021 VICTORY BLVD, NORTH HOLLYWOOD, CA, 91606",34.186732434733,-118.416266562656,ok
9638,20839 W. ROSCOE BLVD. WINNETKA,California,91306,"20839 W. ROSCOE BLVD. WINNETKA, CALIFORNIA 91306","20839 ROSCOE BLVD, WINNETKA, CA, 91306",34.220008076198,-118.587404386673,ok
5551,109 SOUTH WEST ST. TULARE,California,93274,"109 SOUTH WEST ST. TULARE, CALIFORNIA 93274","109 N WEST ST, TULARE, CA, 93274",36.206405709563,-119.366912838219,ok
8520,1205 S. OXNARD OXNARD,California,93030,"1205 S. OXNARD OXNARD, CALIFORNIA 93030","1205 S OXNARD BLVD, OXNARD, CA, 93030",34.188365210469,-119.175777074177,ok
9286,581 W CHANNEL ISLANDS BLVD PORT HUENEME,California,93041,"581 W CHANNEL ISLANDS BLVD PORT HUENEME, CALIFORNIA 93041","581 W CHANNEL ISLANDS BLVD, PORT HUENEME, CA, 93041",34.176094340297,-119.214585641514,ok
10913,336 N. MILPAS ST SANTA BARBARA,California,93103,"336 N. MILPAS ST SANTA BARBARA, CALIFORNIA 93103","336 N MILPAS ST, SANTA BARBARA, CA, 93103",34.42483973592,-119.683201719264,ok
3034,333 ACADEMY AVE SANGER,California,93657,"333 ACADEMY AVE SANGER, CALIFORNIA 93657","333 ACADEMY AVE, SANGER, CA, 93657",36.711583532312,-119.557090461075,ok
5422,5180 E. KINGS CANYON ROAD FRESNO,California,93727,"5180 E. KINGS CANYON ROAD FRESNO, CALIFORNIA 93727","5180 E KINGS CANYON RD, FRESNO, CA, 93727",36.735806455073,-119.719034416265,ok
9159,1109 COUNTRY CLUB DR MADERA,California,93638,"1109 COUNTRY CLUB DR MADERA, CALIFORNIA 93638","1109 COUNTRY CLUB DR, MADERA, CA, 93638",36.975840493013,-120.07413522065,ok
9537,1325 W. SHIELDS AVE. FRESNO,California,93705,"1325 W. SHIELDS AVE. FRESNO, CALIFORNIA 93705","1325 W SHIELDS AVE, FRESNO, CA, 93705",36.779250113976,-119.826864214868,ok
9828,574 W. LACEY BLVD. HANFORD,California,93230,"574 W. LACEY BLVD. HANFORD, CALIFORNIA 93230","574, West Lacey Boulevard, Hanford, Kings County, California, 93230, United States",36.3278719,-119.6537571,ok
9986,"1400 HOWARD RD., MADERA",California,93637,"1400 HOWARD RD., MADERA, CALIFORNIA 93637","1400 HOWARD RD, MADERA, CA, 93637",36.952713666323,-120.074184437359,ok
3117,1651 BELLEVUE RD ATWATER,California,95301,"1651 BELLEVUE RD ATWATER, CALIFORNIA 95301","1651 BELLEVUE RD, ATWATER, CA, 95301",37.360479945848,-120.611478629944,ok
7206,1970 YOSEMITE PARKWAY MERCED,California,95341,"1970 YOSEMITE PARKWAY MERCED, CALIFORNIA 95341","1970 YOSEMITE PKWY, MERCED, CA, 95341",37.295121116783,-120.454081444028,ok
9866,1190 NORTH MAIN ST MANTECA,California,95336,"1190 NORTH MAIN ST MANTECA, CALIFORNIA 95336","1190 MAIN ST, MANTECA, CA, 95336",37.813919218574,-121.217102187116,ok
9919,1621 LANDER AVE TURLOCK,California,95380,"1621 LANDER AVE TURLOCK, CALIFORNIA 95380","1621 LANDER AVE, TURLOCK, CA, 95380",37.477413352076,-120.849048756542,ok
10360,474 WINTON PKWY LIVINGSTON,California,95334,"474 WINTON PKWY LIVINGSTON, CALIFORNIA 95334","474 WINTON PKWY, LIVINGSTON, CA, 95334",37.386494842467,-120.737091480557,ok
3039,1966 MAIN ST WATSONVILLE,California,95076,"1966 MAIN ST WATSONVILLE, CALIFORNIA 95076","1966 MAIN ST, WATSONVILLE, CA, 95076",36.91856583963,-121.782768981903,ok
9945,800 FIRST ST. GILROY,California,95020,"800 FIRST ST. GILROY, CALIFORNIA 95020","800 1ST ST, GILROY, CA, 95020",37.013451302913,-121.586753072135,ok
9329,1039 EL CAMINO REAL REDWOOD CITY,California,94063,"1039 EL CAMINO REAL REDWOOD CITY, CALIFORNIA 94063","1039, El Camino Real, Redwood Junction, Redwood City, San Mateo County, California, 94063, United States",37.4853505,-122.2314129,ok
3022,1063 C ST GALT,California,95632,"1063 C ST GALT, CALIFORNIA 95632","1063 C ST, GALT, CA, 95632",38.253210858016,-121.296319187225,ok
9243,1000 W KETTLEMAN LN LODI,California,95240,"1000 W KETTLEMAN LN LODI, CALIFORNIA 95240","1000 W KETTLEMAN LN, LODI, CA, 95240",38.115318847462,-121.284825237715,ok
9261,100 W LODI AVE LODI,California,95240,"100 W LODI AVE LODI, CALIFORNIA 95240","100 W LODI AVE, LODI, CA, 95240",38.130170386564,-121.274014405194,ok
7136,3710 FRANKLIN BLVD. SACRAMENTO,California,95820,"3710 FRANKLIN BLVD. SACRAMENTO, CALIFORNIA 95820","3710 FRANKLIN BLVD, SACRAMENTO, CA, 95820",38.540933527184,-121.475791979326,ok
02541,1102 North Demaree Street Visalia,California,93291,"1102 North Demaree Street Visalia, CALIFORNIA 93291","1102 N DEMAREE RD, VISALIA, CA, 93291",36.339039020549,-119.331844585067,ok
04768,510 C Street San Diego,California,92101,"510 C Street San Diego, CALIFORNIA 92101","510 C ST, SAN DIEGO, CA, 92101",32.716816534659,-117.160019987461,ok
10801,6720 North Fresno Street Fresno,California,93710,"6720 North Fresno Street Fresno, CALIFORNIA 93710","6720 N FRESNO ST, FRESNO, CA, 93710",36.836525439747,-119.781147773806,ok
10805,7170 Day Creek Blvd Rancho Cucamonga,California,91739,"7170 Day Creek Blvd Rancho Cucamonga, CALIFORNIA 91739","7170 DAY CREEK BLVD, RANCHO CUCAMONGA, CA, 91739",34.124050782213,-117.536889675761,ok
10919,9665 Campo Road Spring Valley,California,91977,"9665 Campo Road Spring Valley, CALIFORNIA 91977","9665 CAMPO RD, SPRING VALLEY, CA, 91977",32.747940930792,-116.988073822429,ok
11047,5611 Stockton Blvd Sacramento,California,95824,"5611 Stockton Blvd Sacramento, CALIFORNIA 95824","5611 STOCKTON BLVD, SACRAMENTO, CA, 95824",38.524520077672,-121.442303413539,ok
9732,861 North Vine Street Hollywood,California,90038,"861 North Vine Street Hollywood, CALIFORNIA 90038","861 VINE ST, W HOLLYWOOD, CA, 90038",34.086598644263,-118.326679477474,ok
3908,1885 West 11th Street Tracy,California,,"1885 West 11th Street Tracy, CALIFORNIA","1885 W 11TH ST, TRACY, CA, 95376",37.739575027224,-121.446945702292,ok
9724,7911 Haven Avenue Rancho Cucamonga,California,91730,"7911 Haven Avenue Rancho Cucamonga, CALIFORNIA 91730","7911 HAVEN AVE, RANCHO CUCAMONGA, CA, 91730",34.110206225883,-117.575774720107,ok
9678,1500 First Street Livermore,California,,"1500 First Street Livermore, CALIFORNIA","1500 1ST ST, LIVERMORE, CA, 94550",37.679084162825,-121.777690607903,ok
5403,1175 West Lathrop Road Manteca,California,,"1175 West Lathrop Road Manteca, CALIFORNIA",,,,not_found
3944,1520 East F Street Oakdale,California,,"1520 East F Street Oakdale, CALIFORNIA","1520 E F ST, OAKDALE, CA, 95361",37.772949683465,-120.830599510618,ok
9571,950 North Western Avenue San Pedro,California,90732,"950 North Western Avenue San Pedro, CALIFORNIA 90732","950 N WESTERN AVE, SAN PEDRO, CA, 90732",33.75162678176,-118.308861387598,ok
9147,2605 West March Lane Stockton,California,,"2605 West March Lane Stockton, CALIFORNIA","2605 W MARCH LN, STOCKTON, CA, 95207",37.984855475873,-121.340064494955,ok
9649,33499 Yucaipa Boulevard Yucaipa,California,92399,"33499 Yucaipa Boulevard Yucaipa, CALIFORNIA 92399","33499 YUCAIPA BLVD, YUCAIPA, CA, 92399",34.033869784401,-117.073312248544,ok
9660,3751 Wilshire Boulevard Los Angeles,California,90010,"3751 Wilshire Boulevard Los Angeles, CALIFORNIA 90010","3751 WILSHIRE BLVD, LOS ANGELES, CA, 90010",34.061756561237,-118.308097128678,ok
9505,4400 E. Los Coyotes Diagonal Long Beach,California,90815,"4400 E. Los Coyotes Diagonal Long Beach, CALIFORNIA 90815","4400 E LOS COYOTES DIAGONAL, LONG BEACH, CA, 90815",33.790092039027,-118.141763830841,ok
9624,1747 North Cahuenga Boulevard Hollywood,California,90028,"1747 North Cahuenga Boulevard Hollywood, CALIFORNIA 90028","1747 N CAHUENGA BLVD, HOLLYWOOD, CA, 90028",34.102708226964,-118.329614829153,ok
9563,3458 South Sepulveda Boulevard Los Angeles,California,90034,"3458 South Sepulveda Boulevard Los Angeles, CALIFORNIA 90034","3458 S SEPULVEDA BLVD, LOS ANGELES, CA, 90034",34.020096161029,-118.422804416721,ok
8883,3911 S Bristol St Santa Ana,California,92704,"3911 S Bristol St Santa Ana, CALIFORNIA 92704","3911 S BRISTOL ST, SANTA ANA, CA, 92704",33.695749789844,-117.885312036365,ok
9141,3151 University Ave San Diego,California,92104,"3151 University Ave San Diego, CALIFORNIA 92104","3151 UNIVERSITY AVE, SAN DIEGO, CA, 92104",32.748417937755,-117.125748978978,ok
9163,291 North McDowell Boulevard Petaluma,California,,"291 North McDowell Boulevard Petaluma, CALIFORNIA","291 N MCDOWELL BLVD, PETALUMA, CA, 94954",38.251426284245,-122.629948321588,ok
8842,426 East Chase Avenue El Cajon,California,92020,"426 East Chase Avenue El Cajon, CALIFORNIA 92020","426 E CHASE AVE, EL CAJON, CA, 92020",32.780437516741,-116.957448227572,ok
9146,575 South Citrus Covina,California,91723,"575 South Citrus Covina, CALIFORNIA 91723","575 S CITRUS AVE, COVINA, CA, 91723",34.079533805457,-117.890186152761,ok
9171,2900 Standiford Modesto,California,,"2900 Standiford Modesto, CALIFORNIA","2900 STANDIFORD AVE, MODESTO, CA, 95350",37.685260519176,-121.047528662444,ok
8864,3575 Atlantic Avenue Long Beach,California,90807,"3575 Atlantic Avenue Long Beach, CALIFORNIA 90807","3575 ATLANTIC AVE, LONG BEACH, CA, 90807",33.821612867176,-118.185078926351,ok
9904,3667 Castro Valley Boulevard Castro Valley,California,,"3667 Castro Valley Boulevard Castro Valley, CALIFORNIA","3667 CASTRO VALLEY BLVD, CASTRO VALLEY, CA, 94546",37.694549181521,-122.070983500403,ok
6991,4166 S STAPLES ST CORPUS CHRISTI,Texas,78411,"4166 S STAPLES ST CORPUS CHRISTI, TEXAS 78411","4166 S STAPLES ST, CORPUS CHRISTI, TX, 78411",27.725893362491,-97.378695465752,ok
7403,103 S.W. MILITARY DR. SAN ANTONIO,Texas,78221,"103 S.W. MILITARY DR. SAN ANTONIO, TEXAS 78221","103 SW MILITARY DR, SAN ANTONIO, TX, 78221",29.356765285394,-98.491096406503,ok
1057,9140 GUILBEAU SAN ANTONIO,Texas,78250,"9140 GUILBEAU SAN ANTONIO, TEXAS 78250","9140 GUILBEAU RD, SAN ANTONIO, TX, 78250",29.518963735013,-98.66306569878,ok
5857,7603 CULEBRA SAN ANTONIO,Texas,78251,"7603 CULEBRA SAN ANTONIO, TEXAS 78251","7603 CULEBRA RD, SAN ANTONIO, TX, 78251",29.459249714089,-98.638617067759,ok
213,5526 S. CONGRESS AVE. AUSTIN,Texas,78745,"5526 S. CONGRESS AVE. AUSTIN, TEXAS 78745","5526 CONGRESS AVE S, AUSTIN, TX, 78745",30.205551170848,-97.774613501942,ok
4356,301 ANDREWS HIGHWAY MIDLAND,Texas,79701,"301 ANDREWS HIGHWAY MIDLAND, TEXAS 79701","301 ANDREWS HWY, MIDLAND, TX, 79701",31.995395074753,-102.099911618728,ok
7287,2454 JUPITER RD PLANO,Texas,75074,"2454 JUPITER RD PLANO, TEXAS 75074","2454 JUPITER RD, PLANO, TX, 75074",33.030258506208,-96.681807648862,ok
7748,10003 MARSH LN DALLAS,Texas,75229,"10003 MARSH LN DALLAS, TEXAS 75229","10003, Marsh Lane, Dallas, Dallas County, Texas, 75229, United States",32.8807899,-96.8560277,ok
6781,2323 W ILLINOIS AVE DALLAS,Texas,75224,"2323 W ILLINOIS AVE DALLAS, TEXAS 75224","CVS Pharmacy, 2323, West Illinois Avenue, Oak Cliff, Dallas, Dallas County, Texas, 75224, United States",32.7210139,-96.8565104,ok
7421,810 W PIONEER PKWY GRAND PRAIRIE,Texas,75051,"810 W PIONEER PKWY GRAND PRAIRIE, TEXAS 75051","810 W PIONEER PKWY, GRAND PRAIRIE, TX, 75051",32.709724772202,-97.015674048835,ok
7664,1235 S BUCKNER BLVD DALLAS,Texas,75217,"1235 S BUCKNER BLVD DALLAS, TEXAS 75217","1235 BUCKNER BLVD, DALLAS, TX, 75218",32.833146914485,-96.701791180219,ok
10946,4333 W. Jefferson Boulevard Cockrell Hill,Texas,75211,"4333 W. Jefferson Boulevard Cockrell Hill, TEXAS 75211","4333 W JEFFERSON BLVD, DALLAS, TX, 75211",32.737744687095,-96.89049576205,ok
5970,930 SOUTHMORE AVE. PASADENA,Texas,77502,"930 SOUTHMORE AVE. PASADENA, TEXAS 77502","930 SOUTHMORE AVE, PASADENA, TX, 77502",29.690808370401,-95.200775332488,ok
6241,4516 HARRISBURG BLVD. HOUSTON,Texas,77011,"4516 HARRISBURG BLVD. HOUSTON, TEXAS 77011","4516 HARRISBURG BLVD, HOUSTON, TX, 77011",29.743624834699,-95.329548075708,ok
6665,10222 EAST FWY JACINTO CITY,Texas,77029,"10222 EAST FWY JACINTO CITY, TEXAS 77029","10222 EAST FWY, JACINTO CITY, TX, 77029",29.773225832088,-95.249149441697,ok
6742,814 SHELDON RD CHANNELVIEW,Texas,77530,"814 SHELDON RD CHANNELVIEW, TEXAS 77530","814 SHELDON RD, CHANNELVIEW, TX, 77530",29.788918084435,-95.124572038976,ok
7106,3401 TIDWELL RD HOUSTON,Texas,77093,"3401 TIDWELL RD HOUSTON, TEXAS 77093","3401 TIDWELL RD, HOUSTON, TX, 77093",29.848768958753,-95.335384687684,ok
7231,4702 IRVINGTON BLVD HOUSTON,Texas,77009,"4702 IRVINGTON BLVD HOUSTON, TEXAS 77009","4702, Irvington Boulevard, Lindale Park, Near Northside, Houston, Harris County, Texas, 77009, United States",29.8035062,-95.3611971,ok
3693,7950 S. GESSNER RD. HOUSTON,Texas,77036,"7950 S. GESSNER RD. HOUSTON, TEXAS 77036","7950 S GESSNER RD, HOUSTON, TX, 77036",29.691578020887,-95.535643051215,ok
2701,"790 ALTON GLOOR BLVD., BROWNSVILLE",Texas,78526,"790 ALTON GLOOR BLVD., BROWNSVILLE, TEXAS 78526","790 E ALTON GLOOR BLVD, BROWNSVILLE, TX, 78526",25.979534934682,-97.506361599317,ok
8962,2015 SOUTH 77 SUNSHINE STRIP HARLINGEN,Texas,78550,"2015 SOUTH 77 SUNSHINE STRIP HARLINGEN, TEXAS 78550","2015 S 77 SUNSHINE STRIP, HARLINGEN, TX, 78550",26.173025325979,-97.673176976612,ok
7784,110 S KING ST SEGUIN,Texas,78155,"110 S KING ST SEGUIN, TEXAS 78155","110 S KING ST, SEGUIN, TX, 78155",29.568731904628,-97.949880702411,ok
5260,3401 W. WALNUT HILL LN. IRVING,Texas,75038,"3401 W. WALNUT HILL LN. IRVING, TEXAS 75038","3401 W WALNUT HILL LN, IRVING, TX, 75038",32.865356972898,-96.990282210514,ok
6803,2222 N STORY RD IRVING,Texas,75062,"2222 N STORY RD IRVING, TEXAS 75062","North Story Road, Irving, Dallas County, Texas, 75062, United States",32.8319055,-96.9765242,ok
7679,934 E IRVING BLVD IRVING,Texas,75060,"934 E IRVING BLVD IRVING, TEXAS 75060","934 W IRVING BLVD, IRVING, TX, 75060",32.813500923825,-96.957278682474,ok
6895,1701 BRIARCLIFF BLVD AUSTIN,Texas,78723,"1701 BRIARCLIFF BLVD AUSTIN, TEXAS 78723","1701 BRIARCLIFF BLVD, AUSTIN, TX, 78723",30.314014156667,-97.692476935721,ok
1533,1801 WEST 5TH ST. PLAINVIEW,Texas,79072,"1801 WEST 5TH ST. PLAINVIEW, TEXAS 79072","1801 W 5TH ST, PLAINVIEW, TX, 79072",34.184032959598,-101.724408723622,ok
6847,2510 W WALNUT ST GARLAND,Texas,75042,"2510 W WALNUT ST GARLAND, TEXAS 75042","2510 W WALNUT ST, GARLAND, TX, 75042",32.91631409003,-96.6655829903,ok
7672,3798 FOREST LANE DALLAS,Texas,75244,"3798 FOREST LANE DALLAS, TEXAS 75244","3798 FOREST LN, DALLAS, TX, 75244",32.909471944968,-96.851490701304,ok
10977,7979 BELT LINE ROAD DALLAS,Texas,75254,"7979 BELT LINE ROAD DALLAS, TEXAS 75254","7979 BELT LINE RD, DALLAS, TX, 75248",32.950950400025,-96.769561754157,ok
11278,1802 W. MOUNT HOUSTON ROAD HOUSTON,Texas,77038,"1802 W. MOUNT HOUSTON ROAD HOUSTON, TEXAS 77038","1802 W MOUNT HOUSTON RD, HOUSTON, TX, 77038",29.89799640755,-95.437992663157,ok
6319,2902 PALMER HWY,Texas,,"2902 PALMER HWY, TEXAS","2902 PALMER HWY, TEXAS CITY, TX, 77590",29.395348944501,-94.937333588116,ok
10633,3502 SE MILITARY DR. SAN ANTONIO,Texas,78223,"3502 SE MILITARY DR. SAN ANTONIO, TEXAS 78223","3502 SE MILITARY DR, SAN ANTONIO, TX, 78223",29.353118108035,-98.426465742205,ok
7207,210 NORTH BUSINESS IH 35 NEW BRAUNFELS,Texas,78130,"210 NORTH BUSINESS IH 35 NEW BRAUNFELS, TEXAS 78130",,,,not_found
7460,14900 JONES MALTSBERGER RD SAN ANTONIO,Texas,78247,"14900 JONES MALTSBERGER RD SAN ANTONIO, TEXAS 78247","14900 JONES MALTSBERGER RD, SAN ANTONIO, TX, 78247",29.577455217731,-98.442547193111,ok
11045,5334 FM 1103 SCHERTZ,Texas,78108,"5334 FM 1103 SCHERTZ, TEXAS 78108","5334 FM 1103, SCHERTZ, TX, 78108",29.616779206003,-98.23387188854,ok
2391,15607 CHASE HILL BLVD. SAN ANTONIO,Texas,78256,"15607 CHASE HILL BLVD. SAN ANTONIO, TEXAS 78256","15607 CHASE HILL BLVD, SAN ANTONIO, TX, 78256",29.590078933394,-98.624162378534,ok
4109,12835 POTRANCO RD SAN ANTONIO,Texas,78253,"12835 POTRANCO RD SAN ANTONIO, TEXAS 78253","Potranco Road, San Antonio, Bexar County, Texas, 78253, United States",29.4348039,-98.7152281,ok
7808,4805 MEDICAL DR SAN ANTONIO,Texas,78229,"4805 MEDICAL DR SAN ANTONIO, TEXAS 78229","4805 MEDICAL DR, SAN ANTONIO, TX, 78229",29.510404295182,-98.580317971773,ok
10905,13343 CULEBRA ROAD SAN ANTONIO,Texas,78253,"13343 CULEBRA ROAD SAN ANTONIO, TEXAS 78253","13343 CULEBRA RD, SAN ANTONIO, TX, 78253",29.515156812167,-98.758802428453,ok
7631,2603 W BERRY ST FORT WORTH,Texas,76109,"2603 W BERRY ST FORT WORTH, TEXAS 76109","2603 W BERRY ST, FORT WORTH, TX, 76109",32.706003038005,-97.354539690755,ok
357,1701 E. PARMER LN. AUSTIN,Texas,78754,"1701 E. PARMER LN. AUSTIN, TEXAS 78754","1701 E PARMER LN, AUSTIN, TX, 78754",30.386769879143,-97.648499456468,ok
10634,2350 N. FITZHUGH AVENUE DALLAS,Texas,75204,"2350 N. FITZHUGH AVENUE DALLAS, TEXAS 75204","2350 N FITZHUGH AVE, DALLAS, TX, 75204",32.810818634997,-96.781576094002,ok
7080,1000 NORTH FIRST ST. ROBSTOWN,Texas,78380,"1000 NORTH FIRST ST. ROBSTOWN, TEXAS 78380","1000 N 1ST ST, ROBSTOWN, TX, 78380",27.799404152993,-97.667386780513,ok
7307,2018 CULEBRA RD. SAN ANTONIO,Texas,78201,"2018 CULEBRA RD. SAN ANTONIO, TEXAS 78201","2018 CULEBRA RD, SAN ANTONIO, TX, 78201",29.446517615159,-98.539733885829,ok
8923,2702 N. NAVARRO ST. VICTORIA,Texas,77901,"2702 N. NAVARRO ST. VICTORIA, TEXAS 77901","2702 N NAVARRO ST, VICTORIA, TX, 77901",28.819144723372,-97.000308938703,ok
10141,5975 OLD PEARSALL RD. SAN ANTONIO,Texas,78242,"5975 OLD PEARSALL RD. SAN ANTONIO, TEXAS 78242","5975 OLD PEARSALL RD, SAN ANTONIO, TX, 78242",29.346436434729,-98.614255906944,ok
10597,8731 POTEET JOURDANTON FREEWAY SAN ANTONIO,Texas,78224,"8731 POTEET JOURDANTON FREEWAY SAN ANTONIO, TEXAS 78224","8731 POTEET JOURDANTON FWY, SAN ANTONIO, TX, 78224",29.336739619282,-98.551447671463,ok
10840,213 EAST SAN PATRICIO AVE. MATHIS,Texas,78368,"213 EAST SAN PATRICIO AVE. MATHIS, TEXAS 78368","213 E SAN PATRICIO AVE, MATHIS, TX, 78368",28.093342680544,-97.826939049895,ok
1020,1484 RUBEN TORRES BROWNSVILLE,Texas,78521,"1484 RUBEN TORRES BROWNSVILLE, TEXAS 78521","1484 RUBEN M TORRES BLVD, BROWNSVILLE, TX, 78521",25.950900098561,-97.498146508482,ok
10107,2300 NORTH CONWAY AVE. MISSION,Texas,78574,"2300 NORTH CONWAY AVE. MISSION, TEXAS 78574","CVS Pharmacy, 2300, North Conway Avenue, Las Brisas Colonia, Mission, Hidalgo County, Texas, 78572, United States",26.2301666,-98.3226642,ok
10142,1301 SOUTH CAGE BLVD. PHARR,Texas,78577,"1301 SOUTH CAGE BLVD. PHARR, TEXAS 78577","1301 N CAGE BLVD, PHARR, TX, 78577",26.205651581707,-98.18229664872,ok
10338,224 MAIN STREET N. LA FERIA,Texas,78559,"224 MAIN STREET N. LA FERIA, TEXAS 78559","224 MAIN ST, LA FERIA, TX, 78559",26.156616213899,-97.824094593842,ok
10405,103 W. MONTE CRISTO RD. EDINBURG,Texas,78541,"103 W. MONTE CRISTO RD. EDINBURG, TEXAS 78541","West Monte Cristo Road, Lull, Edinburg, Hidalgo County, Texas, 78541, United States",26.3386158,-98.1659307,ok
10412,"618 NORTH MAIN ST., #5 DONNA",Texas,78537,"618 NORTH MAIN ST., #5 DONNA, TEXAS 78537","618 N MAIN ST, DONNA, TX, 78537",26.180148216883,-98.052595605252,ok
10667,111 E. HIDALGO ST. RAYMONDVILLE,Texas,78580,"111 E. HIDALGO ST. RAYMONDVILLE, TEXAS 78580","111 E HIDALGO AVE, RAYMONDVILLE, TX, 78580",26.481966393489,-97.781759611224,ok
7306,6915 W AVE CASTLE HILLS,Texas,78213,"6915 W AVE CASTLE HILLS, TEXAS 78213","6915, West Avenue, Castle Hills, Bexar County, Texas, 78213, United States",29.5319817,-98.5236418,ok
11162,2702 VALWOOD PKWY FARMERS BRANCH,Texas,75234,"2702 VALWOOD PKWY FARMERS BRANCH, TEXAS 75234","2702 VALWOOD PKWY, FARMERS BRANCH, TX, 75234",32.938152024635,-96.890269087527,ok
6979,318 W BEAUREGARD SAN ANGELO,Texas,76903,"318 W BEAUREGARD SAN ANGELO, TEXAS 76903","318 W BEAUREGARD AVE, SAN ANGELO, TX, 76903",31.460796298385,-100.442549246406,ok
4820,100 NORTH DUMAS AVENUE DUMAS,Texas,79029,"100 NORTH DUMAS AVENUE DUMAS, TEXAS 79029","100 N DUMAS AVE, DUMAS, TX, 79029",35.865428894758,-101.973164322306,ok
7707,2304 LUBBOCK HWY LAMESA,Texas,79331,"2304 LUBBOCK HWY LAMESA, TEXAS 79331","2304 LUBBOCK HWY, LAMESA, TX, 79331",32.755441623163,-101.948499986258,ok
7818,101 WEST PARK AVE. HEREFORD,Texas,79045,"101 WEST PARK AVE. HEREFORD, TEXAS 79045","101 W PARK AVE, HEREFORD, TX, 79045",34.822080556992,-102.405724582254,ok
10073,745 NORTH ZARAGOZA RD. EL PASO,Texas,79907,"745 NORTH ZARAGOZA RD. EL PASO, TEXAS 79907","745 N ZARAGOZA RD, EL PASO, TX, 79907",31.7044194865,-106.318376812699,ok
10215,1212 MCRAE BLVD. EL PASO,Texas,79925,"1212 MCRAE BLVD. EL PASO, TEXAS 79925","1212 MCRAE BLVD, EL PASO, TX, 79925",31.761273999765,-106.354945264705,ok
10600,3401 JOE BATTLE BLVD. EL PASO,Texas,79936,"3401 JOE BATTLE BLVD. EL PASO, TEXAS 79936","3401 JOE BATTLE BLVD, EL PASO, TX, 79936",31.792804356999,-106.268655458597,ok
10995,12051 TIERRA ESTE ROAD EL PASO,Texas,79938,"12051 TIERRA ESTE ROAD EL PASO, TEXAS 79938","12051 TIERRA ESTE RD, EL PASO, TX, 79938",31.774942479402,-106.251943573449,ok
6239,806 S 75TH ST HOUSTON,Texas,77023,"806 S 75TH ST HOUSTON, TEXAS 77023","806 S 75TH ST, HOUSTON, TX, 77023",29.717184385858,-95.294959743133,ok
6773,"15411 WALLISVILLE RD., HOUSTON",Texas,77049,"15411 WALLISVILLE RD., HOUSTON, TEXAS 77049","15411 WALLISVILLE RD, HOUSTON, TX, 77049",29.808308020118,-95.165333644505,ok
3176,7102 BEECHNUT ST. HOUSTON,Texas,77074,"7102 BEECHNUT ST. HOUSTON, TEXAS 77074","7102 BEECHNUT ST, HOUSTON, TX, 77074",29.692055304535,-95.510055245907,ok
1996,24950 FRANZ RD. KATY,Texas,77493,"24950 FRANZ RD. KATY, TEXAS 77493","Franz Road, Katy, Waller County, Texas, 77493, United States",29.8003492,-95.8329866,ok
3573,110 WESTGREEN BLVD. KATY,Texas,77450,"110 WESTGREEN BLVD. KATY, TEXAS 77450","110 S WESTGREEN BLVD, KATY, TX, 77450",29.784240064907,-95.735826373801,ok
6903,3350 FOREST HILL CIR FOREST HILL,Texas,76140,"3350 FOREST HILL CIR FOREST HILL, TEXAS 76140","3350 FOREST HILL CIR, FOREST HILL, TX, 76140",32.660066777602,-97.271022019005,ok
6968,901 E. PIONEER PARKWAY ARLINGTON,Texas,76010,"901 E. PIONEER PARKWAY ARLINGTON, TEXAS 76010","901 E PIONEER PKWY, ARLINGTON, TX, 76010",32.708228614543,-97.097458176904,ok
5776,105 WONDERWORLD DRIVE SAN MARCOS,Texas,78666,"105 WONDERWORLD DRIVE SAN MARCOS, TEXAS 78666","105 WONDER WORLD DR, SAN MARCOS, TX, 78666",29.865505969832,-97.963069271127,ok
7436,601 S JEFFERSON AVE MOUNT PLEASANT,Texas,75455,"601 S JEFFERSON AVE MOUNT PLEASANT, TEXAS 75455","601 S JEFFERSON AVE, MOUNT PLEASANT, TX, 75455",33.150152124846,-94.968469049067,ok
3900,14041 NOEL RD. DALLAS,Texas,75240,"14041 NOEL RD. DALLAS, TEXAS 75240","14041 NOEL RD, DALLAS, TX, 75240",32.938416891125,-96.818067701641,ok
7739,10306 FERGUSON RD DALLAS,Texas,75228,"10306 FERGUSON RD DALLAS, TEXAS 75228","10306 FERGUSON RD, DALLAS, TX, 75228",32.836662217321,-96.671328632759,ok
6824,8024 WALNUT HILL LN. DALLAS,Texas,75231,"8024 WALNUT HILL LN. DALLAS, TEXAS 75231","CVS Pharmacy, 8024, Walnut Hill Lane, Dallas, Dallas County, Texas, 75231, United States",32.8799438,-96.7673830,ok
7732,605 W. ENNIS AVE. ENNIS,Texas,75119,"605 W. ENNIS AVE. ENNIS, TEXAS 75119","605 W ENNIS AVE, ENNIS, TX, 75119",32.325416226727,-96.631855076507,ok
6000,"4101 FAIRMONT PKWY., PASADENA",Texas,77504,"4101 FAIRMONT PKWY., PASADENA, TEXAS 77504","4101 FAIRMONT PKWY, PASADENA, TX, 77504",29.651028434616,-95.183107347256,ok
11066,"5602 LYONS AVE., HOUSTON",Texas,77020,"5602 LYONS AVE., HOUSTON, TEXAS 77020","5602 LYONS AVE, HOUSTON, TX, 77020",29.776404168392,-95.314869440456,ok
6767,1853 WEST 2ND ST FREEPORT,Texas,77541,"1853 WEST 2ND ST FREEPORT, TEXAS 77541","1853 W 2ND ST, FREEPORT, TX, 77541",28.957218537894,-95.37174743713,ok
3178,6079 HWY 6 N. HOUSTON,Texas,77084,"6079 HWY 6 N. HOUSTON, TEXAS 77084","6079 HWY 6, HOUSTON, TX, 77084",29.862111791526,-95.645160489455,ok
5910,4150 N. SHEPHERD HOUSTON,Texas,77018,"4150 N. SHEPHERD HOUSTON, TEXAS 77018","4150 N SHEPHERD DR, HOUSTON, TX, 77018",29.826161484172,-95.410506334119,ok
5981,2828 SPEARS RD. HOUSTON,Texas,77067,"2828 SPEARS RD. HOUSTON, TEXAS 77067","2828 SPEARS RD, HOUSTON, TX, 77067",29.964841060011,-95.462484576442,ok
6294,5212 ANTOINE DR HOUSTON,Texas,77092,"5212 ANTOINE DR HOUSTON, TEXAS 77092","5212 ANTOINE DR, HOUSTON, TX, 77092",29.840459357472,-95.47312478377,ok
8912,1002 GESSNER DRIVE HOUSTON,Texas,77055,"1002 GESSNER DRIVE HOUSTON, TEXAS 77055","1002 GESSNER DR, HOUSTON, TX, 77055",29.785518061306,-95.543933774654,ok
10952,3950 W. GRAND PARKWAY Katy,Texas,77449,"3950 W. GRAND PARKWAY Katy, TEXAS 77449","3950 GRAND PKWY, KATY, TX, 77449",29.82443765757,-95.765407230364,ok
656,1000 E KING AVE KINGSVILLE,Texas,78363,"1000 E KING AVE KINGSVILLE, TEXAS 78363","1000 E KING AVE, KINGSVILLE, TX, 78363",27.515761636787,-97.856054856846,ok
10817,1205 NORTH US HIGHWAY 83 ZAPATA,Texas,78076,"1205 NORTH US HIGHWAY 83 ZAPATA, TEXAS 78076","1205 S US HWY 83, ZAPATA, TX, 78076",26.906499358904,-99.271042065501,ok
10821,709 GUADALUPE ST LAREDO,Texas,78040,"709 GUADALUPE ST LAREDO, TEXAS 78040","709 GUADALUPE ST, LAREDO, TX, 78040",27.506521093161,-99.489560050069,ok
6865,1099 W. MAIN ST LEWISVILLE,Texas,75067,"1099 W. MAIN ST LEWISVILLE, TEXAS 75067","1099 W MAIN ST, LEWISVILLE, TX, 75067",33.042210518773,-97.020459553022,ok
6960,2142 N JOSEY LN CARROLLTON,Texas,75006,"2142 N JOSEY LN CARROLLTON, TEXAS 75006","2142 N JOSEY LN, CARROLLTON, TX, 75006",32.971544775037,-96.889797432347,ok
5718,3401 S. COLLINS ST. ARLINGTON,Texas,76014,"3401 S. COLLINS ST. ARLINGTON, TEXAS 76014","3401 S COLLINS ST, ARLINGTON, TX, 76014",32.691670575809,-97.09752855572,ok
7678,5301 RIVER OAKS BLVD RIVER OAKS,Texas,76114,"5301 RIVER OAKS BLVD RIVER OAKS, TEXAS 76114","5301 RIVER OAKS BLVD, RIVER OAKS, TX, 76114",32.77291833236,-97.399810807228,ok
3505,102 NORTH US 81 KYLE,Texas,78640,"102 NORTH US 81 KYLE, TEXAS 78640","102 W NORTH ST, KYLE, TX, 78640",29.992130034563,-97.874910604032,ok
11099,3050 W. UNIVERSITY BLVD. Odessa,Texas,79764,"3050 W. UNIVERSITY BLVD. Odessa, TEXAS 79764","CVS Pharmacy, 3050, West University Boulevard, American Village, Westside, Odessa, Ector County, Texas, 79764, United States",31.8618029,-102.4143039,ok
11020,680 E. REDD RD. EL PASO,Texas,79912,"680 E. REDD RD. EL PASO, TEXAS 79912","680 E REDD RD, EL PASO, TX, 79912",31.861143372554,-106.5506077171,ok
11044,1780 LEE TREVINO EL PASO,Texas,79936,"1780 LEE TREVINO EL PASO, TEXAS 79936","1780 N LEE TREVINO DR, EL PASO, TX, 79936",31.764728369429,-106.318807220466,ok
11326,110 E. RICHEY ROAD HOUSTON,Texas,77090,"110 E. RICHEY ROAD HOUSTON, TEXAS 77090","110 E RICHEY RD, HOUSTON, TX, 77073",29.998043999916,-95.423510830461,ok
6854,601 W 7TH AVE CORSICANA,Texas,75110,"601 W 7TH AVE CORSICANA, TEXAS 75110","601 W 7TH AVE, CORSICANA, TX, 75110",32.089155320334,-96.468241746587,ok
6966,6004 SAMUELL BLVD DALLAS,Texas,75228,"6004 SAMUELL BLVD DALLAS, TEXAS 75228","CVS Pharmacy, 6004, Samuell Boulevard, Dallas, Dallas County, Texas, 75228, United States",32.7916392,-96.6991680,ok
7413,10014 GARLAND RD DALLAS,Texas,75218,"10014 GARLAND RD DALLAS, TEXAS 75218","CVS Pharmacy, 10014, Garland Road, Reinhardt, Dallas, Dallas County, Texas, 75218, United States",32.8381211,-96.6955745,ok
7430,8555 FERGUSON RD. DALLAS,Texas,75228,"8555 FERGUSON RD. DALLAS, TEXAS 75228","8555 FERGUSON RD, DALLAS, TX, 75228",32.811566704798,-96.702104553259,ok
7740,10455 N CENTRAL EXPY DALLAS,Texas,75231,"10455 N CENTRAL EXPY DALLAS, TEXAS 75231","10455 N CENTRAL EXPY, DALLAS, TX, 75231",32.888774334903,-96.770191047127,ok
4272,4202 ROSS AVE. DALLAS,Texas,75204,"4202 ROSS AVE. DALLAS, TEXAS 75204","4202 ROSS AVE, DALLAS, TX, 75204",32.800297532442,-96.783210431212,ok
6777,4207 LEMMON AVE. DALLAS,Texas,75219,"4207 LEMMON AVE. DALLAS, TEXAS 75219","4207, Lemmon Avenue, Dallas, Dallas County, Texas, 75219, United States",32.8159959,-96.8100854,ok
10909,6474 E. NORTHWEST HWY DALLAS,Texas,75214,"6474 E. NORTHWEST HWY DALLAS, TEXAS 75214","6474 E NORTHWEST HWY, DALLAS, TX, 75214",32.856986350603,-96.750311261344,ok
10910,3030 SYLVAN AVE DALLAS,Texas,75212,"3030 SYLVAN AVE DALLAS, TEXAS 75212","3030 SYLVAN AVE, DALLAS, TX, 75212",32.77912074342,-96.835725818835,ok
11065,9215 MIDWAY RD. DALLAS,Texas,75220,"9215 MIDWAY RD. DALLAS, TEXAS 75220","9215 MIDWAY RD, DALLAS, TX, 75220",32.864178587383,-96.836640658728,ok
5990,904 EAST CARTWRIGHT RD. MESQUITE,Texas,75149,"904 EAST CARTWRIGHT RD. MESQUITE, TEXAS 75149","904 CARTWRIGHT RD, MESQUITE, TX, 75149",32.745499386203,-96.583390581263,ok
7645,500 N GALLOWAY STE 2 MESQUITE,Texas,75149,"500 N GALLOWAY STE 2 MESQUITE, TEXAS 75149","500 N GALLOWAY AVE, MESQUITE, TX, 75149",32.770878874824,-96.598976770468,ok
7702,603 S CEDAR RIDGE DR DUNCANVILLE,Texas,75137,"603 S CEDAR RIDGE DR DUNCANVILLE, TEXAS 75137","603 S CEDAR RIDGE DR, DUNCANVILLE, TX, 75137",32.647268010618,-96.925593110978,ok
10948,108 W. DAVIS ST. DALLAS,Texas,75208,"108 W. DAVIS ST. DALLAS, TEXAS 75208","108 W DAVIS ST, DALLAS, TX, 75208",32.749373866746,-96.82431410907,ok
7222,4131 Aldine Mall Rd Houston,Texas,77039,"4131 Aldine Mall Rd Houston, TEXAS 77039","4131 ALDINE MAIL RD, HOUSTON, TX, 77039",29.902561068237,-95.332220434056,ok
10301,1525 NORTH LOOP WEST HOUSTON,Texas,77008,"1525 NORTH LOOP WEST HOUSTON, TEXAS 77008","1525 N LOOP W SVC RD, HOUSTON, TX, 77008",29.812257498613,-95.429178496951,ok
7728,112 MAIN ST KERRVILLE,Texas,78028,"112 MAIN ST KERRVILLE, TEXAS 78028","112 MAIN ST, KERRVILLE, TX, 78028",30.052336858507,-99.146061403968,ok
5255,3401 ALTA MERE DR. FORT WORTH,Texas,76116,"3401 ALTA MERE DR. FORT WORTH, TEXAS 76116","CVS Pharmacy, 3401, Alta Mere Drive, Fort Worth, Tarrant County, Texas, 76116, United States",32.7213200,-97.4402637,ok
10874,5305 MONTANA AVENUE EL PASO,Texas,79903,"5305 MONTANA AVENUE EL PASO, TEXAS 79903","5305 MONTANA AVE, EL PASO, TX, 79903",31.783768155908,-106.426335207364,ok
11160,9060 DYER ST. EL PASO,Texas,79904,"9060 DYER ST. EL PASO, TEXAS 79904","9060 DYER ST, EL PASO, TX, 79904",31.869026787913,-106.428525185431,ok
7481,1372 BELTLINE RD GARLAND,Texas,75040,"1372 BELTLINE RD GARLAND, TEXAS 75040","1372 BELT LINE RD, GARLAND, TX, 75040",32.94494311743,-96.647238392545,ok
10541,2020 S. WALNUT AVE. NEW BRAUNFELS,Texas,78130,"2020 S. WALNUT AVE. NEW BRAUNFELS, TEXAS 78130","2020 S WALNUT AVE, NEW BRAUNFELS, TX, 78130",29.670089370399,-98.11910207968,ok
6901,1520 N GRAND AVE GAINESVILLE,Texas,76240,"1520 N GRAND AVE GAINESVILLE, TEXAS 76240","1520 N GRAND AVE, GAINESVILLE, TX, 76240",33.64238866698,-97.133150454485,ok
7682,1830 TEXOMA PKWY SHERMAN,Texas,75090,"1830 TEXOMA PKWY SHERMAN, TEXAS 75090","1830 TEXOMA PKWY, SHERMAN, TX, 75090",33.656717860012,-96.60406523438,ok
4880,805 W. BUSINESS HWY 380 DECATUR,Texas,76234,"805 W. BUSINESS HWY 380 DECATUR, TEXAS 76234",,,,not_found
10643,4401 ANDREWS HWY MIDLAND,Texas,79703,"4401 ANDREWS HWY MIDLAND, TEXAS 79703","4401 ANDREWS HWY, MIDLAND, TX, 79703",32.001773156699,-102.13696586033,ok
10984,3200 N. BIG SPRING ST. MIDLAND,Texas,79705,"3200 N. BIG SPRING ST. MIDLAND, TEXAS 79705","3200 N BIG SPRING ST, MIDLAND, TX, 79705",32.028410258455,-102.08315988801,ok
5894,13033 COIT RD. DALLAS,Texas,75240,"13033 COIT RD. DALLAS, TEXAS 75240","13033 COIT RD, DALLAS, TX, 75240",32.925560286722,-96.769309809221,ok
10670,4930 MAPLE AVE. DALLAS,Texas,75235,"4930 MAPLE AVE. DALLAS, TEXAS 75235","4930 MAPLE AVE, DALLAS, TX, 75235",32.815064092956,-96.82845978535,ok
6775,701 E MAIN ST GRAND PRAIRIE,Texas,75050,"701 E MAIN ST GRAND PRAIRIE, TEXAS 75050","701 E MAIN ST, GRAND PRAIRIE, TX, 75050",32.745823360752,-96.996048540068,ok
7417,11820 ELAM RD BALCH SPRINGS,Texas,75180,"11820 ELAM RD BALCH SPRINGS, TEXAS 75180","CVS Pharmacy, 11820, Elam Road, Balch Springs, Dallas County, Texas, 75180, United States",32.7196057,-96.6234281,ok
6242,6161 TELEPHONE RD HOUSTON,Texas,77087,"6161 TELEPHONE RD HOUSTON, TEXAS 77087","6161 TELEPHONE RD, HOUSTON, TX, 77087",29.676420668922,-95.290250288769,ok
10638,9410 FUQUA ST. HOUSTON,Texas,77075,"9410 FUQUA ST. HOUSTON, TEXAS 77075","9410 FUQUA ST, HOUSTON, TX, 77075",29.610950674528,-95.249525063002,ok
3006,9455 HAMMERLY BLVD. HOUSTON,Texas,77080,"9455 HAMMERLY BLVD. HOUSTON, TEXAS 77080","9455 HAMMERLY BLVD, HOUSTON, TX, 77080",29.809729935712,-95.52440431016,ok
7038,6504 W LITTLE YORK HOUSTON,Texas,77040,"6504 W LITTLE YORK HOUSTON, TEXAS 77040","6504 W LITTLE YORK RD, HOUSTON, TX, 77040",29.865804467398,-95.486896945128,ok
5269,5510 W. OREM DR. HOUSTON,Texas,77085,"5510 W. OREM DR. HOUSTON, TEXAS 77085","5510 W OREM DR, HOUSTON, TX, 77085",29.627341129097,-95.465481677474,ok
5884,12260 BELLAIRE BLVD. HOUSTON,Texas,77072,"12260 BELLAIRE BLVD. HOUSTON, TEXAS 77072","12260 BELLAIRE BLVD, HOUSTON, TX, 77072",29.703675799793,-95.595790813731,ok
6238,4451 W FUQUA ST HOUSTON,Texas,77045,"4451 W FUQUA ST HOUSTON, TEXAS 77045","4451 W FUQUA ST, HOUSTON, TX, 77045",29.61329087863,-95.445046632658,ok
5972,5305 AVENUE I ROSENBERG,Texas,77471,"5305 AVENUE I ROSENBERG, TEXAS 77471","5305 AVE I, ROSENBERG, TX, 77471",29.558178041429,-95.77330588391,ok
10347,9686 MARBACH RD. SAN ANTONIO,Texas,78245,"9686 MARBACH RD. SAN ANTONIO, TEXAS 78245","9686 MARBACH RD, SAN ANTONIO, TX, 78245",29.417784952133,-98.677730595717,ok
248,2121 W. TRENTON RD. EDINBURG,Texas,78539,"2121 W. TRENTON RD. EDINBURG, TEXAS 78539","2121 W TRENTON RD, EDINBURG, TX, 78539",26.264657736949,-98.192068238025,ok
5651,1602 EAST HIGHWAY 83 WESLACO,Texas,78596,"1602 EAST HIGHWAY 83 WESLACO, TEXAS 78596",,,,not_found
7193,2314 EAST EXPRESSWAY 83 MISSION,Texas,78572,"2314 EAST EXPRESSWAY 83 MISSION, TEXAS 78572","2314 W EXPY 83, MISSION, TX, 78572",26.220674643098,-98.351945870952,ok
7437,2102 AIRLINE RD CORPUS CHRISTI,Texas,78414,"2102 AIRLINE RD CORPUS CHRISTI, TEXAS 78414","2102 AIRLINE RD, CORPUS CHRISTI, TX, 78414",27.69200638319,-97.363386704297,ok
10446,1019 EAST CALTON RD. LAREDO,Texas,78041,"1019 EAST CALTON RD. LAREDO, TEXAS 78041","1019 E CALTON RD, LAREDO, TX, 78041",27.541094684717,-99.484712403799,ok
5858,15038 NACOGDOCHES RD. SAN ANTONIO,Texas,78247,"15038 NACOGDOCHES RD. SAN ANTONIO, TEXAS 78247","15038 NACOGDOCHES RD, SAN ANTONIO, TX, 78247",29.577632896195,-98.373170753564,ok
8389,8602 HUEBNER RD SAN ANTONIO,Texas,78240,"8602 HUEBNER RD SAN ANTONIO, TEXAS 78240","8602 HUEBNER RD, SAN ANTONIO, TX, 78240",29.519024251669,-98.604427233761,ok
10750,9050 FM 1560 N SAN ANTONIO,Texas,78254,"9050 FM 1560 N SAN ANTONIO, TEXAS 78254","9050 FM 1560 N, SAN ANTONIO, TX, 78254",29.524235577487,-98.717990158685,ok
7715,410 W ROCHELLE RD IRVING,Texas,75062,"410 W ROCHELLE RD IRVING, TEXAS 75062","410 W ROCHELLE RD, IRVING, TX, 75062",32.844284961524,-96.949947599586,ok
7455,700 W. SEMINARY DR. FORT WORTH,Texas,76115,"700 W. SEMINARY DR. FORT WORTH, TEXAS 76115","700 W SEMINARY DR, FORT WORTH, TX, 76115",32.685000654309,-97.33181994546,ok
6945,4405 E RIVERSIDE DR AUSTIN,Texas,78741,"4405 E RIVERSIDE DR AUSTIN, TEXAS 78741","4405 E RIVERSIDE DR, AUSTIN, TX, 78741",30.233578772029,-97.72348674821,ok
10059,4500 Ross Rd Del Valle,Texas,78617,"4500 Ross Rd Del Valle, TEXAS 78617","4500 ROSS RD, DEL VALLE, TX, 78617",30.18615166729,-97.609538504993,ok
7781,100 North Greer Boulevard Pittsburgh,Texas,75686,"100 North Greer Boulevard Pittsburgh, TEXAS 75686","100 N GREER BLVD, PITTSBURG, TX, 75686",32.997096840033,-94.958848708284,ok
7404,102 East Mulberry Kaufman,Texas,75142,"102 East Mulberry Kaufman, TEXAS 75142","102 E MULBERRY ST, KAUFMAN, TX, 75142",32.588990113301,-96.309032386269,ok
6846,1204 E LUFKIN AVE Lufkin,Texas,75901,"1204 E LUFKIN AVE Lufkin, TEXAS 75901","1204 E LUFKIN AVE, LUFKIN, TX, 75901",31.336459716842,-94.716651394475,ok
7210,1950 W. William Cannon Austin,Texas,78745,"1950 W. William Cannon Austin, TEXAS 78745","1950 W WILLIAM CANNON DR, AUSTIN, TX, 78745",30.202820459274,-97.80560110813,ok
7435,23865 FM 1314 Porter,Texas,77365,"23865 FM 1314 Porter, TEXAS 77365","23865 FM 1314 RD, PORTER, TX, 77365",30.10465602416,-95.250356621094,ok
7446,2626 EAST 5TH ST Tyler,Texas,75701,"2626 EAST 5TH ST Tyler, TEXAS 75701","2626 E 5TH ST, TYLER, TX, 75701",32.332418166458,-95.266989889204,ok
10179,300 East Commerce Street San Antonio,Texas,78205,"300 East Commerce Street San Antonio, TEXAS 78205","300 E COMMERCE ST, SAN ANTONIO, TX, 78205",29.424094988645,-98.489808117368,ok
7272,3402 Slide Road Lubbock,Texas,79414,"3402 Slide Road Lubbock, TEXAS 79414","3402 SLIDE RD, LUBBOCK, TX, 79414",33.563163281277,-101.922528590868,ok
6969,3611 College Avenue Snyder,Texas,79549,"3611 College Avenue Snyder, TEXAS 79549","3611 COLLEGE AVE, SNYDER, TX, 79549",32.705583719921,-100.919171927825,ok
6806,5010 Wesley St Greenville,Texas,75402,"5010 Wesley St Greenville, TEXAS 75402","5010 WESLEY ST, GREENVILLE, TX, 75401",33.119943910006,-96.109442731192,ok
8340,6420 19th Street Lubbock,Texas,79407,"6420 19th Street Lubbock, TEXAS 79407","6420 19TH ST, LUBBOCK, TX, 79407",33.577827649647,-101.955045208988,ok
6817,6548 Meadowbrook Dr Fort Worth,Texas,76112,"6548 Meadowbrook Dr Fort Worth, TEXAS 76112","6548 MEADOWBROOK DR, FORT WORTH, TX, 76112",32.745948766717,-97.217632951809,ok
7295,702 East Tyler Street Athens,Texas,75751,"702 East Tyler Street Athens, TEXAS 75751","702 E TYLER ST, ATHENS, TX, 75751",32.205639148302,-95.84656500434,ok
7780,824 South Jackson Street Jacksonville,Texas,75766,"824 South Jackson Street Jacksonville, TEXAS 75766","824 S JACKSON ST, JACKSONVILLE, TX, 75766",31.957582720421,-95.267279266878,ok
4879,827 East Milam Mexia,Texas,76667,"827 East Milam Mexia, TEXAS 76667","827 E MILAM ST, MEXIA, TX, 76667",31.684499996741,-96.475211556637,ok
5320,8550 West Airport Road Houston,Texas,77071,"8550 West Airport Road Houston, TEXAS 77071","8550 W AIRPORT BLVD, HOUSTON, TX, 77071",29.641826517904,-95.527273605482,ok
3156,9125 Hillcroft Street Houston,Texas,77096,"9125 Hillcroft Street Houston, TEXAS 77096","9125 HILLCROFT ST, HOUSTON, TX, 77096",29.679567761961,-95.492728589015,ok
10264,1118 S WW White Rd. San Antonio,Texas,78220,"1118 S WW White Rd. San Antonio, TEXAS 78220","1118 S WW WHITE RD, SAN ANTONIO, TX, 78220",29.41333702155,-98.405471009648,ok
8978,20203 Stone Oak Pkwy San Antonio,Texas,78258,"20203 Stone Oak Pkwy San Antonio, TEXAS 78258","CVS Pharmacy, 20203, Stone Oak Parkway, Stone Oak, San Antonio, Bexar County, Texas, 78258, United States",29.6439171,-98.4805638,ok
5641,1500 PADRE BLVD SOUTH PADRE ISLAND,Texas,78597,"1500 PADRE BLVD SOUTH PADRE ISLAND, TEXAS 78597","CVS Pharmacy, 1500, Padre Boulevard, South Padre Island, Cameron County, Texas, 78597, United States",26.0957276,-97.1651466,ok
6248,100 FM 517 EAST DICKINSON,Texas,77539,"100 FM 517 EAST DICKINSON, TEXAS 77539","100 E FM 517, DICKINSON, TX, 77539",29.449483185365,-95.07624159322,ok
6736,2326 61ST ST GALVESTON,Texas,77551,"2326 61ST ST GALVESTON, TEXAS 77551","2326 61ST ST, GALVESTON, TX, 77551",29.276179873877,-94.831383712035,ok
7756,2425 AVENUE J GALVESTON,Texas,77550,"2425 AVENUE J GALVESTON, TEXAS 77550","2425 AVENUE E, GALVESTON, TX, 77550",29.304099721846,-94.794949816307,ok
10579,4600 BROADWAY ST. ALAMO HEIGHTS,Texas,78209,"4600 BROADWAY ST. ALAMO HEIGHTS, TEXAS 78209","4600 BROADWAY, ALAMO HEIGHTS, TX, 78209",29.468301571953,-98.463561639374,ok
10337,1300 W. US HIGHWAY 290 ELGIN,Texas,78621,"1300 W. US HIGHWAY 290 ELGIN, TEXAS 78621","1300 US HWY 290, ELGIN, TX, 78621",30.350313731855,-97.386145820576,ok
7628,7200 Boulevard 26 Richland Hills,Texas,76180,"7200 Boulevard 26 Richland Hills, TEXAS 76180","7200 BLVD 26, RICHLAND HILLS, TX, 76180",32.824536967352,-97.226801647074,ok
5647,4101 East 42nd Street Odessa,Texas,79762,"4101 East 42nd Street Odessa, TEXAS 79762","4101 E 42ND ST, ODESSA, TX, 79762",31.891879479387,-102.341719238537,ok
7442,11300 North Lamar Boulevard Austin,Texas,78753,"11300 North Lamar Boulevard Austin, TEXAS 78753","11300 N LAMAR BLVD, AUSTIN, TX, 78753",30.382010190851,-97.686406071131,ok
7488,102 FM 1821 Mineral Wells,Texas,76067,"102 FM 1821 Mineral Wells, TEXAS 76067","102 FM 1821, MINERAL WELLS, TX, 76067",32.813703708541,-98.082850164045,ok
6967,1425 East Buckingham Road Richardson,Texas,75081,"1425 East Buckingham Road Richardson, TEXAS 75081",,,,not_found
10402,2740 West White Street Anna,Texas,75409,"2740 West White Street Anna, TEXAS 75409","2740 E WHITE ST, ANNA, TX, 75409",33.34393272267,-96.540582309545,ok
7704,402 College Avenue Levelland,Texas,79336,"402 College Avenue Levelland, TEXAS 79336","402 COLLEGE AVE, LEVELLAND, TX, 79336",33.589348923398,-102.367625843125,ok
4983,11600 FM 1960 West Houston,Texas,77065,"11600 FM 1960 West Houston, TEXAS 77065","11600 FM 1960 RD W, HOUSTON, TX, 77070",29.933426952053,-95.584188846141,ok
5792,2425 E. DESERT INN RD. LAS VEGAS,Nevada,89121,"2425 E. DESERT INN RD. LAS VEGAS, NEVADA 89121","2425 E DESERT INN RD, LAS VEGAS, NV, 89121",36.129760729864,-115.118132299712,ok
8803,2855 S NELLIS BLVD LAS VEGAS,Nevada,89121,"2855 S NELLIS BLVD LAS VEGAS, NEVADA 89121","2855 S NELLIS BLVD, LAS VEGAS, NV, 89121",36.137978705618,-115.065651009279,ok
8808,2011 E. LAKE MEAD BLVD NORTH LAS VEGAS,Nevada,89030,"2011 E. LAKE MEAD BLVD NORTH LAS VEGAS, NEVADA 89030","2011 E LAKE MEAD BLVD, NORTH LAS VEGAS, NV, 89030",36.195795417057,-115.117095114227,ok
8824,4411 E. BONANZA RD LAS VEGAS,Nevada,89110,"4411 E. BONANZA RD LAS VEGAS, NEVADA 89110","4411 E BONANZA RD, LAS VEGAS, NV, 89110",36.173443967975,-115.079261437854,ok
9191,5019 S MCCARRAN BLVD RENO,Nevada,89502,"5019 S MCCARRAN BLVD RENO, NEVADA 89502","5019 S MCCARRAN BLVD, RENO, NV, 89502",39.476978979906,-119.781621274096,ok
8804,1408 W. CRAIG RD NORTH LAS VEGAS,Nevada,89032,"1408 W. CRAIG RD NORTH LAS VEGAS, NEVADA 89032","1408 W CRAIG RD, NORTH LAS VEGAS, NV, 89032",36.239537790317,-115.160826530826,ok
8800,6705 E. LAKE MEAD BLVD LAS VEGAS,Nevada,89156,"6705 E. LAKE MEAD BLVD LAS VEGAS, NEVADA 89156","6705 E LAKE MEAD BLVD, LAS VEGAS, NV, 89156",36.1955547836,-115.026096102862,ok
4495,5545 EL CAMINO AL NORTE NORTH LAS VEGAS,Nevada,89031,"5545 EL CAMINO AL NORTE NORTH LAS VEGAS, NEVADA 89031","5545 CAM AL NORTE, NORTH LAS VEGAS, NV, 89031",36.260611526555,-115.156019357986,ok
7252,3655 W. CRAIG RD. NORTH LAS VEGAS,Nevada,89032,"3655 W. CRAIG RD. NORTH LAS VEGAS, NEVADA 89032","3655 W CRAIG RD, NORTH LAS VEGAS, NV, 89032",36.239283416518,-115.187365951897,ok
157,2890 NORTHTOWNE LANE RENO,Nevada,89512,"2890 NORTHTOWNE LANE RENO, NEVADA 89512","2890 NORTHTOWNE LN, RENO, NV, 89512",39.555193554237,-119.782271665127,ok
8801,550 W. IDAHO ST ELKO,Nevada,89801,"550 W. IDAHO ST ELKO, NEVADA 89801","550 W IDAHO ST, ELKO, NV, 89801",40.827635467353,-115.773469900954,ok
9964,170 LEMMON DR RENO,Nevada,89506,"170 LEMMON DR RENO, NEVADA 89506","CVS Pharmacy, 170, Lemmon Drive, Reno, Washoe County, Nevada, 89506, United States",39.6121476,-119.8479137,ok
9974,3360 S MCCARRAN BLVD RENO,Nevada,89502,"3360 S MCCARRAN BLVD RENO, NEVADA 89502","3360 S MCCARRAN BLVD, RENO, NV, 89502",39.484514970096,-119.747972680052,ok
9981,3240 US HIGHWAY 50 E CARSON CITY,Nevada,89701,"3240 US HIGHWAY 50 E CARSON CITY, NEVADA 89701","3240 US HWY 50, CARSON CITY, NV, 89701",39.1770074947,-119.732134701865,ok
8790,3550 W. SAHARA AVE LAS VEGAS,Nevada,89102,"3550 W. SAHARA AVE LAS VEGAS, NEVADA 89102","3550 W SAHARA AVE, LAS VEGAS, NV, 89102",36.144536554796,-115.188890310585,ok
8792,680 N. MCCARRAN BLVD. SPARKS,Nevada,89431,"680 N. MCCARRAN BLVD. SPARKS, NEVADA 89431","680 N MCCARRAN BLVD, SPARKS, NV, 89431",39.540722639963,-119.733659387548,ok
9838,5485 SUN VALLEY BLVD SUN VALLEY,Nevada,89433,"5485 SUN VALLEY BLVD SUN VALLEY, NEVADA 89433","5485 SUN VALLEY BLVD, SUN VALLEY, NV, 89433",39.592132959668,-119.780633422572,ok
1507,2935 S. HOLLYWOOD BLVD LAS VEGAS,Nevada,89122,"2935 S. HOLLYWOOD BLVD LAS VEGAS, NEVADA 89122","2935 S HOLLYWOOD BLVD, LAS VEGAS, NV, 89122",36.136708097098,-115.029209552422,ok
2990,6391 W. LAKE MEAD BLVD. LAS VEGAS,Nevada,89108,"6391 W. LAKE MEAD BLVD. LAS VEGAS, NEVADA 89108","6391 W LAKE MEAD BLVD, LAS VEGAS, NV, 89108",36.195800021459,-115.232762363177,ok
9374,1900 W. VALENCIA RD. TUCSON,Arizona,85746,"1900 W. VALENCIA RD. TUCSON, ARIZONA 85746","1900 W VALENCIA RD, TUCSON, AZ, 85746",32.13389929203,-111.006379820372,ok
5959,900 SW 44TH ST,Oklahoma,,"900 SW 44TH ST, OKLAHOMA","900 SW 44TH ST, OKLAHOMA CITY, OK, 73109",35.420687518258,-97.530294919155,ok
